Episode Number,Episode Name,Episode Type,Arc Name,Year,Total Vote,Average Rating
1,I'm Luffy! The Man Who Will Become the Pirate King!,Canon,Romance Dawn Arc,1999,"13,987",8
2,"The Great Swordsman Appears! Pirate Hunter, Roronoa Zoro",Canon,Romance Dawn Arc,1999,"3,623",7.7
3,Morgan vs. Luffy! Who's This Beautiful Young Girl?,Canon,Romance Dawn Arc,1999,"2,746",7.6
4,Luffy's Past! The Red-haired Shanks Appears!,Canon,Orange Town Arc,1999,"3,268",8.3
5,"Fear, Mysterious Power! Pirate Clown Captain Buggy!",Canon,Orange Town Arc,1999,"2,281",7.4
6,Desperate Situation! Beast Tamer Mohji vs. Luffy!,Canon,Orange Town Arc,1999,"2,229",7.6
7,Sozetsu Ketto! Kengo Zoro VS Kyokugei no Kabaji!,Canon,Orange Town Arc,1999,"2,091",7.6
8,Shousha wa docchi? Akuma no mi no nouryoku taiketsu!,Canon,Orange Town Arc,1999,"1,990",7.7
9,Seigi no usotsuki? Kyaputen Usoppu,Canon,Syrup Village Arc,2000,"1,807",7.1
10,Chijou saikyou no hen na yatsu! Saiminjutsushi Jango,Canon,Syrup Village Arc,2000,"1,725",7.4
11,Inbou o abake! Kaizoku shitsuji Kyaputen Kuro,Canon,Syrup Village Arc,2000,"1,648",7.3
12,Gekitotsu! Kuroneko kaizokudan sakamichi no daikoubou!,Canon,Syrup Village Arc,2000,"1,618",7.6
13,Kyoufu no futarigumi! Nyâban kyoudai vs Zoro,Canon,Syrup Village Arc,2000,"1,573",7.6
14,Rufi fukkatsu! Kaya ojousama no kesshi no taikou,Canon,Syrup Village Arc,2000,"1,523",7.6
15,Kuro o taose! Otoko Usoppu namida no ketsui!,Canon,Syrup Village Arc,2000,"1,505",7.4
16,Kaya o mamore! Usoppu kaizokudan daikatsuyaku!,Canon,Syrup Village Arc,2000,"1,476",7.6
17,Ikari bakuhatsu! Kuro vs Rufi kecchaku no yukue!,Canon,Syrup Village Arc,2000,"1,604",8
18,Anta ga chunjuu! Gaimon to kimyou na nakama,Canon,Syrup Village Arc,2000,"1,501",6.8
19,Santouryuu no kako! Zoro to Kuina no chikai!,Canon,Baratie Arc,2000,"3,093",8.9
20,Meibutsu kokku! Kaijou resutoran no Sanji,Canon,Baratie Arc,2000,"1,431",7.6
21,Manukarezaru kyaku! Sanji no meshi to Gin on,Canon,Baratie Arc,2000,"1,375",7.6
22,Saikyou no kaizoku kantai! Teitoku Don Kurîku,Canon,Baratie Arc,2000,"1,338",7.5
23,Mamore Baratie! Daikaizoku akaashi no Zefu,Canon,Baratie Arc,2000,"1,374",7.7
24,Tama no me no Mihôku! Kenzoku Zoro umi ni chiru,Canon,Baratie Arc,2000,"3,751",9.1
25,Hissatsu ashiwaza sakuretsu! Sanji vs Teppeki no Pâru,Canon,Baratie Arc,2000,"1,327",7.5
26,Zefu to Sanji no yume Maboroshi no ôru burû,Canon,Baratie Arc,2000,"2,171",8.6
27,Reitetsu hijou no kijin Kaizoku kantai soutaichou Gin,Canon,Baratie Arc,2000,"1,301",7.5
28,Shinaneeyo! Gekitou Rufi vs Kurîku!,Canon,Baratie Arc,2000,"1,278",7.6
29,Shitou no Ketchaku! Hara ni Kukutta Ippon no Yari!,Canon,Baratie Arc,2000,"1,302",7.8
30,Tabidachi! Umi no kokku wa Rufi to tomoni,Canon,Baratie Arc,2000,"1,620",8.3
31,Higashi no Umi Saiaku no Otoko! Gyojin Kaizoku Arlong!,Canon,Arlong Park Arc,2000,"1,244",7.6
32,Cocoyashi Mura no Majo! Arlong no Onna Kanbu,Canon,Arlong Park Arc,2000,"1,210",7.7
33,Usopp Shisu?! Luffy Jouriku wa Mada?,Canon,Arlong Park Arc,2000,"1,331",7.8
34,Zen'in Shuuketsu! Usopp ga Kataru Nami no Shinjitsu,Canon,Arlong Park Arc,2000,"1,309",7.4
35,Himerareta Kako! Onna Senshi Bell-mere!,Canon,Arlong Park Arc,2000,"1,439",8.1
36,Ikinuke! Haha Bellemere to Nami no Kizuna!,Canon,Arlong Park Arc,2000,"2,898",8.9
37,Luffy Tatsu! Uragirareta Yakusoku no Ketsumatsu!,Canon,Arlong Park Arc,2000,"3,772",9.2
38,Luffy Dai Pinch! Gyojin Tai Luffy Kaizokudan,Canon,Arlong Park Arc,2000,"1,460",8.2
39,Luffy Suibotsu! Zoro vs Tako no Hacchan,Canon,Arlong Park Arc,2000,"1,374",8
40,Hokoritakaki Senshi! Gekitou Sanji to Usopp,Canon,Arlong Park Arc,2000,"1,352",8
41,Luffy Zenkai! Nami no Ketsui to Mugiwara Boushi,Canon,Arlong Park Arc,2000,"1,332",8
42,Sakuretsu! Gyojin Arlong Umi kara no Moukougeki!,Canon,Arlong Park Arc,2000,"1,311",8
43,Gyojin Teikoku no Owari! Nami wa Ore no Nakama Da!,Canon,Arlong Park Arc,2000,"1,959",8.6
44,Egao no Tabidachi! Saraba Furusato Cocoyashi Mura,Canon,Arlong Park Arc,2000,"1,302",7.9
45,Joukinkubi! Mugiwara no Luffy Yo ni Shirewataru,Canon,Loguetown Arc,2000,"1,223",7.7
46,Mugiwara o Oe! Chiisana Buggy no Daibouken,Filler,Buggy's Crew Adventure Chronicles Arc,2000,"1,256",6.3
47,Omachikane! Aa Fukkatsu no Buggy Senchou!,Filler,Buggy's Crew Adventure Chronicles Arc,2000,"1,249",6.2
48,Hajimari to Owari no Machi: Loguetown Jouriku,Canon,Loguetown Arc,2000,"1,286",7.8
49,Sandai Kitetsu to Yubashiri! Zoro no Shintou to Onna Souchou,Canon,Loguetown Arc,2000,"1,425",7.9
50,Usopp Tai Kozure no Daddy: Mahiru no Kettou,Canon,Loguetown Arc,2000,"1,225",7.4
51,Honoo no Ryouri Battle? Sanji VS Bijin Chef,Canon,Loguetown Arc,2000,"1,051",6.9
52,Buggy no Revenge! Shokeidai de Warau Otoko!,Canon,Loguetown Arc,2000,"1,237",8.2
53,Densetsu wa Hajimatta! Mezase Grand Line,Canon,Loguetown Arc,2001,"1,563",8.4
54,Aratanaru Bouken no Yokan! Nazo no Shoujo Apis,Filler,Warship Island Arc,2001,907,7
55,Kiseki no Seibutsu! Apis no Himitsu to Densetsu no Shima,Filler,Warship Island Arc,2001,906,6.7
56,Eric Shutsugeki! Gunkanjima kara no Daidasshutsu!,Filler,Warship Island Arc,2001,892,6.6
57,Zekkai no Kotou! Densetsu no Lost Island,Filler,Warship Island Arc,2001,884,6.5
58,Haikyo no Kettou! Kinpaku no Zoro VS Erik!,Filler,Warship Island Arc,2001,859,6.6
59,Luffy Kanzen Houi! Teitoku Nelson no Hisaku,Filler,Warship Island Arc,2001,852,6.9
60,Oozora o Mau Mono! Yomigaeru Sennen no Densetsu!,Filler,Warship Island Arc,2001,840,7
61,Ikari no Kecchaku! Red Line o Norikoero!,Filler,Warship Island Arc,2001,890,7.5
62,Saisho no Toride? Kyodai Kujira Laboon Arawaru,Canon,Reverse Mountain Arc,2001,998,7.6
63,Otoko no Yakusoku! Luffy to Kujira Saikai no Chikai,Canon,Reverse Mountain Arc,2001,996,7.5
64,Kaizoku Kangei no Machi? Whiskey Peak Jouriku,Canon,Whiskey Peak Arc,2001,916,7.6
65,Sakuretsu Santouryuu! Zoro VS Baroque Works!,Canon,Whiskey Peak Arc,2001,"1,038",8.1
66,Shinken Shoubu! Luffy VS Zoro Nazo no Daikettou!,Canon,Whiskey Peak Arc,2001,989,8
67,Oujo Vivi o Todokero! Luffy Kaizoku Dan Shukkou,Canon,Whiskey Peak Arc,2001,917,7.8
68,Ganbare Coby! Coby-Meppo Kaigun Funtou Ki,Filler,Diary of Koby-Meppo Arc,2001,940,6.6
69,Coby-Meppo no Ketsui! Garp Chuujou no Oyagokoro,Filler,Diary of Koby-Meppo Arc,2001,940,6.8
70,Taiko no Shima! Little Garden ni Hisomu Kage!,Canon,Little Garden Arc,2001,918,7.1
71,Dekkai Kettou! Kyojin Dorry to Brogy,Canon,Little Garden Arc,2001,932,7.3
72,Luffy Ikaru! Seinaru Kettou ni Hiretsu na Wana!,Canon,Little Garden Arc,2001,898,7.3
73,Brogy Shouri no Goukyuu! Elbaf no Kecchaku,Canon,Little Garden Arc,2001,903,7.4
74,Ma no Candle! Munen no Namida to Ikari no Namida,Canon,Little Garden Arc,2001,919,7.6
75,Luffy o Osou Maryoku! Colors Trap,Canon,Little Garden Arc,2001,898,7.6
76,Iza Hangeki! Usopp no Kiten to Kaenboshi!,Canon,Little Garden Arc,2001,897,7.6
77,Saraba Kyojin no Shima! Arabasuta o Mezase,Canon,Little Garden Arc,2001,896,7.5
78,Nami ga Byouki? Umi ni Furu Yuki no Mukou ni!,Canon,Drum Island Arc,2001,894,7.2
79,Kishuu! Bliking Gou to Blik no Wapol,Canon,Drum Island Arc,2001,876,7.6
80,Isha no Inai Shima? Na mo Naki Kuni no Bouken!,Canon,Drum Island Arc,2001,879,7.6
81,Happy kai? Majo to Yobareta Isha!,Canon,Drum Island Arc,2001,862,7.5
82,Dolton no Kakugo! Wapol Gundan Shima ni Jouriku,Canon,Drum Island Arc,2001,865,7.6
83,Yuki no Sumu Shima! Drum-Rocky o Nobore!,Canon,Drum Island Arc,2001,"1,032",8
84,Tonakai wa Aoppana! Chopper no Himitsu,Canon,Drum Island Arc,2001,926,7.9
85,Hamidashi Mono no Yume! Yabuisha Hiluluk!,Canon,Drum Island Arc,2001,"1,401",8.4
86,Hiluluk no Sakura to Uketsugareyuku Ishi!,Canon,Drum Island Arc,2001,"3,018",9.2
87,Versus Wapol Gundan! Bakubaku no Mi no Nouryoku!,Canon,Drum Island Arc,2001,978,8
88,Zoan-kei Akuma no Mi! Chopper Nanadan Henkei,Canon,Drum Island Arc,2001,886,7.7
89,Oukoku no Shihai Owaru Toki! Shinnen no Hata wa Eien ni,Canon,Drum Island Arc,2001,873,7.7
90,Hiluluk no Sakura! Drum Rocky no Kiseki,Canon,Drum Island Arc,2001,"1,983",8.8
91,Sayonara Drum-tou! Boku wa Umi e Deru!,Canon,Drum Island Arc,2001,927,7.9
92,Arabasta no Eiyuu to Senjou no Ballerina,Canon,Arabasta Arc,2001,876,7.6
93,Iza Sabaku no Kuni e! Ame o Yobu Kona to Hanrangun,Canon,Arabasta Arc,2001,862,7.2
94,Gouketsu-tachi no Saikai! Yatsu no Na wa Hiken no Ace,Canon,Arabasta Arc,2001,"2,421",8.9
95,Ace to Luffy! Atsuki Omoi to Kyoudai no Kizuna,Canon,Arabasta Arc,2002,968,8.1
96,Midori no Machi Erumaru to Kung Fu Jugon!,Canon,Arabasta Arc,2002,858,7.3
97,Suna no Kuni no Bouken! Ennetsu no Daichi ni Sumu Mamono,Canon,Arabasta Arc,2002,832,7.2
98,Sabaku no Kaizokudan Toujou! Jiyuu ni Ikiru Otoko-tachi,Canon,Arabasta Arc,2002,781,6.9
99,Nisemono no Iji! Kokoro no Hanrangun Kamyu!,Canon,Arabasta Arc,2002,749,6.9
100,Hanrangun Senshi Kouza! Vivi ni Chikatta Yume!,Canon,Arabasta Arc,2002,839,7.4
101,Kagerou no Kettou! Ace vs Otoko Scorpion,Canon,Arabasta Arc,2002,769,6.7
102,Iseki to Mayoigo! Vivi to Nakama to Kuni no Katachi,Canon,Arabasta Arc,2002,703,7
103,Spiders Cafe ni 8-ji Teki Kanbu Shuugou,Canon,Arabasta Arc,2002,750,7.3
104,Luffy Tai Vivi! Nakama ni Kakeru Namida no Chikai,Canon,Arabasta Arc,2002,818,7.9
105,Alabasta Sensen! Yume no Machi Rainbase,Canon,Arabasta Arc,2002,758,7.8
106,Zettai Zetsumei no Wana! Rain Dinners Totsunyuu,Canon,Arabasta Arc,2002,800,8.1
107,Utopia Sakusen Hatsudou! Ugokidashita Uneri,Canon,Arabasta Arc,2002,793,8.1
108,Kyoufu no Bananawani to Mr. Prince,Canon,Arabasta Arc,2002,815,8.2
109,Gyakuten Dai Dasshutsu e no Kagi! Doru-Doru Ball!,Canon,Arabasta Arc,2002,"1,153",8.4
110,Nasake Muyou no Shitou! Luffy vs Crocodile,Canon,Arabasta Arc,2002,"2,494",9.1
111,Kiseki e no Shissou! Arabasta Doubutsu Land,Canon,Arabasta Arc,2002,797,7.8
112,Hanrangun Tai Kokuougun! Kessen wa Alubarna!,Canon,Arabasta Arc,2002,835,8
113,Nageki no Alubarna! Gekitou Carue Taichou!,Canon,Arabasta Arc,2002,771,7.7
114,Nakama no Yume ni Chikau! Kettou Mogurazuka 4-bangai,Canon,Arabasta Arc,2002,803,7.8
115,Honjitsu Daikoukai! Mane-Mane Montage!,Canon,Arabasta Arc,2002,843,8
116,Nami ni Henshin! Bon Clay Renpatsu Ballet Kenpou,Canon,Arabasta Arc,2002,808,7.9
117,Nami no Senpuu Chuuihou! Clima Takt Sakuretsu,Canon,Arabasta Arc,2002,800,7.8
118,Ouke ni Tsutawaru Himitsu! Kodai Heiki Pluton,Canon,Arabasta Arc,2002,779,7.7
119,Gouken no Gokui! Koutetsu o Kiru Chikara to Mono no Kokyuu,Canon,Arabasta Arc,2002,"2,580",9.1
120,Tatakai wa Owatta! Kooza ga Kakageta Shiroi Hata,Canon,Arabasta Arc,2002,800,7.9
121,Vivi no Koe no Yukue! Hero wa Maiorita!,Canon,Arabasta Arc,2002,"1,104",8.3
122,Suna Wani to Mizu Luffy! Kettou Dai 2 Round,Canon,Arabasta Arc,2002,"1,749",8.8
123,Wanippoi! Ouke no Haka e Hashire Luffy!,Canon,Arabasta Arc,2002,827,8.1
124,Akumu no Toki Semaru! Koko wa Sunasunadan Himitsu Kichi,Canon,Arabasta Arc,2002,817,8
125,Idainaru Tsubasa! Waga Na wa Kuni no Shugoshin Pell,Canon,Arabasta Arc,2002,"2,134",8.9
126,Koeteiku! Arabasta ni Ame ga Furu!,Canon,Arabasta Arc,2002,"3,508",9.4
127,Buki yo Saraba! Kaizoku to Ikutsuka no Seigi,Canon,Arabasta Arc,2002,820,8.1
128,Kaizoku-tachi no Utage to Arabasta Dasshutsu Sakusen!,Canon,Arabasta Arc,2002,805,8
129,Hajimari wa Ano Hi! Vivi ga Kataru Boukentan!,Canon,Arabasta Arc,2002,"2,438",9.1
130,Kiken na Kaori! Shichininme wa Nico Robin!,Canon,Arabasta Arc,2002,"1,462",8.6
131,Hajimete no Kranke! Rumble Ball Hiwa,Filler,Post-Arabasta Arc,2002,652,7
132,Koukaishi no Hanran! Yuzurenai Yume no Tame ni!,Filler,Post-Arabasta Arc,2002,651,6.5
133,Uketsugareru Recipe! Curry no Tetsujin Sanji,Filler,Post-Arabasta Arc,2002,627,6.7
134,Sakasete Misemasu! Otoko Usopp Hasshakudama,Filler,Post-Arabasta Arc,2002,629,6.7
135,Uwasa no Kaizokugari! Sasurai no Kenshi Zoro,Filler,Post-Arabasta Arc,2002,597,6.9
136,Yagi no Shima no Zenny to Yama no Naka no Kaizokusen!,Filler,Goat Island Arc,2002,625,6.5
137,Moukarimakka? Kanekashi Zenny no Yabou!,Filler,Goat Island Arc,2002,619,6.6
138,Shima no Otakara no Yukue! Zenny Kaizokudan Shutsugeki!,Filler,Goat Island Arc,2002,619,6.5
139,Niji-iro no Kiri Densetsu! Ruluka Tou no Roujin Henzo,Filler,Ruluka Island Arc,2003,590,6.8
140,Eien no Kuni no Juunin! Pumpkin Kaizokudan!,Filler,Ruluka Island Arc,2003,594,6.7
141,Furusato e no Omoi! Dasshutsu Funou no Kaizoku Hakaba!,Filler,Ruluka Island Arc,2003,581,6.7
142,Ransen Hisshi! Wetton no Yabou to Niji no Tou,Filler,Ruluka Island Arc,2003,582,6.7
143,Soshite Densetsu ga Hajimaru! Iza Niji no Kanata e,Filler,Ruluka Island Arc,2003,588,7.4
144,Ubawareta Log! Salvage-ou Mashira!,Canon,Jaya Arc,2003,686,7.2
145,Kaibutsu Toujou! Shirohige Ichimi ni wa Te o Dasuna,Canon,Jaya Arc,2003,716,7.5
146,Yume o Miruna! Azakeri no Machi Mock Town!,Canon,Jaya Arc,2003,778,8
147,Kaizoku no Takami! Yume o Kataru Otoko to Kaitei Tansaku Ou,Canon,Jaya Arc,2003,737,7.7
148,"Densetsu no Ichizoku! ""Usotsuki Norland""",Canon,Jaya Arc,2003,683,7.6
149,Kumo Kaji Ippai! Southbird o Oe!,Canon,Jaya Arc,2003,659,7.4
150,Yume wa Kanawanai!? Bellamy VS Saruyama Rengou,Canon,Jaya Arc,2003,747,8.1
151,Ichioku no Otoko! Sekai Saikou Kenryoku to Kaizoku Kurohige,Canon,Jaya Arc,2003,"2,977",9.3
152,Fune wa Sora o Yuku! Knock-Up Stream ni Nore,Canon,Jaya Arc,2003,772,8.2
153,Koko wa Sora no Umi! Sora no Kishi to Tengoku no Mon,Canon,Skypiea Arc,2003,671,7.7
154,Kami no Kuni Skypiea! Kumo no Nagisa no Tenshi-tachi,Canon,Skypiea Arc,2003,666,7.4
155,Kindan no Seichi! Kami no Sumu Shima to Ten no Sabaki!,Canon,Skypiea Arc,2003,650,7.4
156,Hayaku mo Hanzaisha!? Skypiea no Hou no Bannin,Canon,Skypiea Arc,2003,650,7.5
157,Dasshutsu Naru ka!? Ugokihajimeta Kami no Shiren!,Canon,Skypiea Arc,2003,646,7.4
158,Lovely-doori no Wana! Zennounaru God Enel,Canon,Skypiea Arc,2003,647,7.6
159,Susume Karasumaru! Ikenie no Saidan o Mezase,Canon,Skypiea Arc,2003,641,7.6
160,Seizonritsu 10%! Mantra-tsukai no Shinkan Satori!,Canon,Skypiea Arc,2003,641,7.6
161,"""Tama no Shiren"" no Kyoui! Mayoi no Mori no Shitou",Canon,Skypiea Arc,2003,642,7.5
162,Chopper Ayaushi! Motokami Tai Shinkan Shura,Canon,Skypiea Arc,2003,642,7.7
163,Makafushigi! Himo no Shiren to Koi no Shiren!?,Canon,Skypiea Arc,2003,636,7.7
164,Shandra no Hi o Tomose! Senshi Wiper,Canon,Skypiea Arc,2003,659,7.8
165,Tenkuu no Ougonkyou Jaya! Mezase Kami no Yashiro!,Canon,Skypiea Arc,2003,629,7.6
166,"Ougon Zen'yasai! ""Vearth"" e no Omoi!",Canon,Skypiea Arc,2003,642,7.3
167,God Enel Toujou!! Ikinokori e no Aubade,Canon,Skypiea Arc,2003,626,7.5
168,Kibamuku Uwabami! Tsui ni Hajimaru Survival Game,Canon,Skypiea Arc,2003,651,7.4
169,"Sutemi no Haigeki (Reject)! ""Senki"" Wiper no Kakugo",Canon,Skypiea Arc,2003,688,7.8
170,Kuuchuu no Gekisen! Kaizoku Zoro VS Senshi Braham,Canon,Skypiea Arc,2003,700,7.9
171,Unaru Burn Bazooka!! Luffy VS Senki Wiper,Canon,Skypiea Arc,2003,658,7.6
172,Numa no Shiren! Chopper VS Shinkan Gedatsu!!,Canon,Skypiea Arc,2003,660,7.7
173,Muteki no Nouryoku! Akasareru Enel no Shoutai,Canon,Skypiea Arc,2003,675,7.8
174,Maburoshi no Miyako! Yuudai Naru Shandra no Iseki!!,Canon,Skypiea Arc,2003,689,7.9
175,Seizonritsu 0%!! Chopper VS Shinkan Ohm,Canon,Skypiea Arc,2003,657,7.7
176,Giant Jack o Nobore!! Jouzou Iseki no Shitou,Canon,Skypiea Arc,2004,687,7.9
177,Tetsu no Shiren no Shinkoccyou! Shiruibara Death Match!!,Canon,Skypiea Arc,2004,683,7.8
178,Hotobashiru Zangeki! Zoro VS Shinkan Ohm!!,Canon,Skypiea Arc,2004,974,8.3
179,Kuzure Yuku Jousou Iseki! Finale e no Quintet!!,Canon,Skypiea Arc,2004,722,8.1
180,Kodai Iseki no Taiketsu! God Enel no Mokuteki!!,Canon,Skypiea Arc,2004,"1,931",8.9
181,Fairy Vearth e no Yabou Hakobune Maxim!!,Canon,Skypiea Arc,2004,713,8.1
182,Tsuini Gekitotsu! Kaizoku Luffy VS God Enel!!,Canon,Skypiea Arc,2004,"1,979",9
183,Maxim Fujou! Ugoki Hajimeta Deathpiea!!,Canon,Skypiea Arc,2004,"1,939",9
184,Luffy Rakka! Kami no Sabaki to Nami no Nozomi!!,Canon,Skypiea Arc,2004,689,8
185,Mezameta Futari! Moeru Koi no Kyuushutsu Zensen,Canon,Skypiea Arc,2004,"1,447",8.6
186,Zetsubou e no Capriccio Semaei Kuru Sora Shima no Shoumetsu!!,Canon,Skypiea Arc,2004,646,7.8
187,Kane no Ne no Michibiki! Daisenshi to Tankenka no Monogatari,Canon,Skypiea Arc,2004,667,7.7
188,Jubaku kara no Kaihou! Daisenshi ga Nagashita Namida!!,Canon,Skypiea Arc,2004,680,7.8
189,Eien no Shinyuu! Oo-unabari ni Hibikuchikai no Kane!!,Canon,Skypiea Arc,2004,"1,970",9
190,Angel-tou Shoumetsu! Raigou Kourin no Kyoufu!!,Canon,Skypiea Arc,2004,667,8
191,Giant Jack o Taose! Dasshutsu e no Saigo no Nozomi,Canon,Skypiea Arc,2004,671,8.1
192,Kami no Kune no Kiseki! Tenshi no Todoita Love Song,Canon,Skypiea Arc,2004,"2,250",9.2
193,Tatakai no Shuuen! Tooku Hibiku Hokori Takaki Fantasia,Canon,Skypiea Arc,2004,691,8
194,Ware Koko ni Itaru! Poneglyphs ga Tsumugu Mono,Canon,Skypiea Arc,2004,655,7.9
195,Iza Seikai e!! Omoi ga Orinasu Saishuu Gakushou,Canon,Skypiea Arc,2004,627,7.7
196,Hijoujitai Hatsurei! Akumei Takaki Kaisokusen Sennyuu!,Filler,G-8 Arc,2004,543,7.1
197,Ryourinin Sanji! Kaigun Shokudou de Shinka Hakki!,Filler,G-8 Arc,2004,536,7.3
198,Torawareru Zoro to Chopper Kinkyuu Shittou,Filler,G-8 Arc,2004,537,7.1
199,Semaru Kaigun no Sousa mou! Torawareta Futari Me!,Filler,G-8 Arc,2004,548,7.4
200,Kesshi no Luffy to Sanji! Kyuushutsu Dai Sakusen!,Filler,G-8 Arc,2004,536,7.5
201,Nekketsu Tokubetsu Butai Sansen! Bridge Koubousen!,Filler,G-8 Arc,2004,516,7.3
202,Houi Mou Toppa! Dakkan Going Merry Gou,Filler,G-8 Arc,2004,517,7.3
203,Kieta Kaizokusen! Yousai Koubou Dai 2 Round,Filler,G-8 Arc,2004,522,7
204,Ougon Dakkan Sakusen to Waver Kaishuu Sakusen!,Filler,G-8 Arc,2004,512,7.2
205,Ichimoudajin Keikaku! Jonathan Jishin no Hisaku,Filler,G-8 Arc,2004,514,7.2
206,Saraba Kaigun Yousai! Dasshutsu e no Saigo no Koubou,Filler,G-8 Arc,2004,532,7.5
207,Long Ring Long Land no Dai Bouken!,Canon,Long Ring Long Land Arc,2004,600,7.2
208,Foxy Kaizoku Dan to Davy Back!,Canon,Long Ring Long Land Arc,2004,586,7.1
209,Dai Ikkaisen! Gururi Isshuu Doughnut Race,Canon,Long Ring Long Land Arc,2004,584,7.2
210,Gingitsune no Foxy! Mouretsu Bougai Kousei,Canon,Long Ring Long Land Arc,2004,589,7.1
211,Dai 2 Kaisen! Buchi Kome Groggy Ring,Canon,Long Ring Long Land Arc,2004,588,7.3
212,Red Card Renpatsu! Groggy Ring,Canon,Long Ring Long Land Arc,2004,579,7.5
213,Dai Sankaisen! Guru Guru Roller Race!,Canon,Long Ring Long Land Arc,2004,547,7.1
214,Hakunetsu Bakusou Race! Saishuu Round Totsunyuu!,Canon,Long Ring Long Land Arc,2004,541,7.4
215,Unaru Netsukyuu Goukyuu! Kaizoku Dodgeball!,Canon,Long Ring Long Land Arc,2005,561,6.8
216,Dangai no Kessen! Daruma-san ga Koronda!,Canon,Long Ring Long Land Arc,2005,569,6.7
217,Captain Taiketsu! Saishuusen Combat!,Canon,Long Ring Long Land Arc,2005,592,6.9
218,Zenkai Noro Noro Kougeki VS Fujimi no Luffy,Canon,Long Ring Long Land Arc,2005,584,7
219,Souzetsu Nettou Combat! Unmei no Saishuu Kecchaku,Canon,Long Ring Long Land Arc,2005,572,7.3
220,Ushinatta? Ubawareta? Omae wa Dare Da?,Filler,Ocean's Dream Arc,2005,481,7.1
221,Fue o Idaita Nazo no Shounen to Robin no Suiri!,Filler,Ocean's Dream Arc,2005,480,6.9
222,Iza Kioku o Dakkan Seyo! Kaizoku Dan Shima ni Jouriku,Filler,Ocean's Dream Arc,2005,491,6.7
223,Kiba o Muku Zoro! Tachihadakatta Yajuu!,Filler,Ocean's Dream Arc,2005,475,7
224,Honjou o Awarashita Kioku Dorobou no Saigo Gyakushuu,Filler,Ocean's Dream Arc,2005,478,6.7
225,Hokori takaki otoko! Gin Gitsune no Foxy,Filler,Foxy's Return Arc,2005,501,6.5
226,Mottomo Muteki ni Tsuyoi Yatsu? Tomottomo Kiken na Otoko!,Filler,Foxy's Return Arc,2005,508,6.5
227,Kaigun Honbu Taishou Aokiji! Saikou Senryoku no Kyoui,Canon,Water 7 Arc,2005,"2,003",8.9
228,Gomu to Koori no Ikkiuchi! Luffy vs Aokiji,Canon,Water 7 Arc,2005,734,8.1
229,Shissou Umi Ressha to Mizu no Toshi Water Seven,Canon,Water 7 Arc,2005,637,7.6
230,Suijou Toshi no Bouken! Mokushise Kyodai Zousen Koujou,Canon,Water 7 Arc,2005,613,7.6
231,Franky ikka to Iceberg san!,Canon,Water 7 Arc,2005,609,7.6
232,Garera Company! Soukan Ichiban Dock,Canon,Water 7 Arc,2005,608,7.6
233,Kaizoku Yuukai Jiken to Shi o Matsu Dake no Kaizokusen,Canon,Water 7 Arc,2005,626,7.8
234,Nakama Kyuushutsu! Harikomi Franky House,Canon,Water 7 Arc,2005,"2,058",9.1
235,Gekka no Oogenka! Kanashimi ni Hirugaeru Kaizokuki!,Canon,Water 7 Arc,2005,"2,698",9.3
236,Luffy VS Usopp! Butsukaru Otoko no Iji,Canon,Water 7 Arc,2005,"3,965",9.5
237,Genkishin Mizu no Toshi! Nerawareta Iceberg,Canon,Water 7 Arc,2005,605,7.7
238,Gomu Gomu Ningen VS Ka o Fuku Cyborg,Canon,Water 7 Arc,2005,638,7.9
239,Hannin wa Mugiwara Kaizukudan? Mizu no Toshi Youjinbou,Canon,Water 7 Arc,2005,603,7.8
240,Eien no Wakare? Yamo o Hiku Onna Nico Robin,Canon,Water 7 Arc,2005,647,7.9
241,Robin o Tsukamaero! Mugiwara Ichimi no Ketsui,Canon,Water 7 Arc,2005,594,7.6
242,Aizu wa Hougeki to Tomoni! Ugokidashita CP9,Canon,Water 7 Arc,2005,650,8.1
243,Kamen o Totta CP9! Sono Odoroki no Sugao,Canon,Water 7 Arc,2005,"2,048",9.1
244,Himeta Kizuna! Iceberg to Franky,Canon,Water 7 Arc,2005,"1,873",8.9
245,Kaete Koi Robin! CP9 to no Taiketsu!,Canon,Water 7 Arc,2005,945,8.4
246,Mugiwara Kaizoku Dan Zenmetsu? Model Leopard no Kyoui,Canon,Water 7 Arc,2005,632,7.9
247,Fune kara mo Aisareta Otoko! Usopp no Namida!,Canon,Water 7 Arc,2005,641,8.1
248,Franky no Kako! Umi ressha ga Hashitta Hi,Canon,Water 7 Arc,2005,639,8.1
249,Spandum no Inbou! Umi Ressha ga Yureta Hi,Canon,Water 7 Arc,2005,635,8.1
250,Densetsu no Otoko no Saigo! Umi Ressha ga Naita Hi,Canon,Water 7 Arc,2005,"1,869",8.9
251,Uragiri no Shinsou! Robin no Kanashiki Ketsui!,Canon,Water 7 Arc,2005,"1,521",8.8
252,Nakama o Hikihanasu Kiteki! Hashiridasu Umi Ressha,Canon,Water 7 Arc,2005,603,7.9
253,Sanji Totsunyuu! Arashi no Naka no Umiressha Battle!,Canon,Water 7 Arc,2005,597,7.7
254,Nami Tamashii no Sakebi! Mugiwara no Luffy Fukkatsu!,Canon,Water 7 Arc,2006,634,8
255,Mou Hitotsu no Umi Ressha! Rocketman Shutsugeki,Canon,Water 7 Arc,2006,595,7.9
256,Nakama o Sukue! Tekidoushi ga Musunda Chikai no Kizuna!,Canon,Water 7 Arc,2006,586,7.8
257,Nami o Kudake! Luffy to Zoro no Saikyou Combo,Canon,Water 7 Arc,2006,614,8
258,Nazo no Otoko Toujou!? Sono Na wa Sogeking!,Canon,Water 7 Arc,2006,646,8
259,Kokku Taiketsu! Sanji vs Ramen Kenpou,Canon,Water 7 Arc,2006,565,7.3
260,Yane no Ue no Kettou! Franky VS Nero,Canon,Water 7 Arc,2006,568,7.7
261,Gekitotsu! Onigiri Zoro VS Funekiri T-Bone,Canon,Water 7 Arc,2006,590,7.9
262,Robin Soudatsusen! Sogeking no Kisaku!!,Canon,Water 7 Arc,2006,878,8.3
263,Shihou no shima! Enies Lobby!,Canon,Water 7 Arc,2006,595,7.9
264,Jouriku Sakusen Shidou! Mugiwara Ichimi Totsunyuu Seyo!,Canon,Enies Lobby Arc,2006,603,8
265,Luffy Kaishingeki! Shihou no Shima de Daikessen!!,Canon,Enies Lobby Arc,2006,590,7.8
266,Kyojinzoku to no Koubou! Daini no Tobira o Akero!,Canon,Enies Lobby Arc,2006,568,7.8
267,Katsuro o Hirake! Sora o Tobu Rocketman!,Canon,Enies Lobby Arc,2006,588,7.9
268,Luffy ni Oitsuke! Mugiwara Ichimi Souryokusen,Canon,Enies Lobby Arc,2006,593,7.9
269,Uragirareta Robin! Sekai Seifu no Omowaku!,Canon,Enies Lobby Arc,2006,606,8
270,Robin o Kaese! Luffy VS Blueno!,Canon,Enies Lobby Arc,2006,"1,337",8.6
271,Tachidomaru na! Hangeki no Noroshi o Agero!,Canon,Enies Lobby Arc,2006,610,8
272,Luffy Mokuzen! Saibansho Mae hiroba e Shuuketsu Seyo,Canon,Enies Lobby Arc,2006,675,8.3
273,Subete wa Nakama o Mamoru Tame ni! Gear Second Hatsudou,Canon,Enies Lobby Arc,2006,"2,280",9.2
274,Kotaero Robin! Mugiwara Ichimi no Sakebi!!,Canon,Enies Lobby Arc,2006,"2,759",9.3
275,Robin no Kako! Akuma to Yobareta Shoujo!,Canon,Enies Lobby Arc,2006,"2,009",9
276,Shukumei no Oyako! Sono Haha no Na wa Orubia!,Canon,Enies Lobby Arc,2006,"2,015",9
277,Ohara no Higeki! Buster Call no Kyoufu,Canon,Enies Lobby Arc,2006,"2,519",9.3
278,Ikitai to Ie! Oretachi wa Nakama Da!!,Canon,Enies Lobby Arc,2006,"12,111",9.5
279,Taki ni Mukatte Tobe!! Luffy no Omoi!!,Canon,Enies Lobby Arc,2006,503,6.3
280,"Otoko no Ikizama! Zoro no Waza, Usopp no Yume",Canon,Enies Lobby Arc,2006,491,6
281,Namida ga Tsumuida Nakama no Kizuna! Nami no Sekai Chizu,Canon,Enies Lobby Arc,2006,504,6.2
282,Wakare ga Otoko o Migaku! Sanji to Chopper,Canon,Enies Lobby Arc,2006,482,6
283,Subete wa Nakama no Tame ni! Yami no Naka no Robin!,Canon,Enies Lobby Arc,2006,489,5.9
284,Sekkeizu wa Watasanai! Franky no Ketsudan,Canon,Enies Lobby Arc,2006,621,8
285,Itsutsu no Kagi o Ubae! Mugiwara Ichimi Tai CP9,Canon,Enies Lobby Arc,2006,573,7.9
286,Akuma no Mi no Chikara! Kaku to Jabra Daihenshin,Canon,Enies Lobby Arc,2006,580,7.9
287,Shinde mo Keran! Sanji Otoko no Kishidou!,Canon,Enies Lobby Arc,2006,567,7.9
288,Fukurou no Gosan! Ore no Cola wa Inochi no Mizu!,Canon,Enies Lobby Arc,2006,594,8.1
289,Zoro Shinwaza Sakuretsu! Katana no Na wa Sogeking?,Canon,Enies Lobby Arc,2006,604,8
290,Seigyo Funou! Chopper Kindan no Rumble,Canon,Enies Lobby Arc,2006,"1,073",8.5
291,Luffy Oyabun Futatabi! Yume ka Utsutsu ka Tomikuji Soudou,Filler,Boss Luffy Historical Special,2006,533,5.9
292,Oshiro de Mochimaki Dai Race! Akai Hana no Inbou,Filler,Boss Luffy Historical Special,2007,600,5.7
293,Awa Tsukai Kalifa! Nami ni Semaru Sekken no Wana,Canon,Enies Lobby Arc,2007,592,7.9
294,Hibikiwataru Kyouhou! Hatsudou Buster Call,Canon,Enies Lobby Arc,2007,593,8
295,Gonin no Nami? Hangeki wa Shinkirou to Tomo ni!,Canon,Enies Lobby Arc,2007,554,7.7
296,Nami no Ketsudan! Bousou Chopper o Ute!,Canon,Enies Lobby Arc,2007,610,8.1
297,Kariudo Sanji Toujou? Usotsuki Ookami ni Okuru Banka,Canon,Enies Lobby Arc,2007,596,8.1
298,Shakunetsu no Keri! Sanji Ashiwaza no Full Course,Canon,Enies Lobby Arc,2007,985,8.5
299,Hakujin no Moushuu! Zoro Tai Kaku Kyouryoku Zangeki Taiketsu,Canon,Enies Lobby Arc,2007,639,8.2
300,Kishin Zoro! Kihaku ga Miseta Asura no Keshin,Canon,Enies Lobby Arc,2007,"2,249",9.2
301,Spandam Kyougaku! Shihou no Tou ni Tatsu Eiyuu,Canon,Enies Lobby Arc,2007,"2,176",9.2
302,Robin Kaihou! Luffy Tai Lucci Choujou Kessen,Canon,Enies Lobby Arc,2007,638,8.1
303,Hannin wa Luffy Oyabun? Kieta Oozakura o Oe,Filler,Boss Luffy Historical Special,2007,551,5.9
304,Katenakya Daremo Mamorenai! Gear Third Shidou,Canon,Enies Lobby Arc,2007,"2,036",9
305,Senritsu no Kako! Yami no Seigi to Rob Lucci,Canon,Enies Lobby Arc,2007,"1,892",8.9
306,Maboroshi no Ningyo Arawaru? Usureyuku Ishiki no Naka de,Canon,Enies Lobby Arc,2007,608,8
307,Houka ni Shizumu Shima! Franky Munen no Sakebi,Canon,Enies Lobby Arc,2007,780,8.2
308,Luffy o Mate! Tamerai no Hashi no Shitou!,Canon,Enies Lobby Arc,2007,"2,011",9
309,Kobushi ni Kometa Omoi! Luffy Konshin no Gatling,Canon,Enies Lobby Arc,2007,"10,950",9.7
310,"Tomo, Umi yori Kitaru! Mugiwara Ichimi Saikyou no Kizuna",Canon,Enies Lobby Arc,2007,"2,083",9.1
311,Zen'in Dai Dasshutsu! Shousha no Michi wa Kaizoku no Tame ni,Canon,Enies Lobby Arc,2007,"1,948",9
312,Arigatou Merry! Yuki ni Kemuru Wakare no Umi,Canon,Enies Lobby Arc,2007,"10,943",9.6
313,Yaburareta Ansoku! Ai no Kobushi o Motsu Kaigun Chuujou,Canon,Post-Enies Lobby Arc,2007,"1,330",8.7
314,Saikyou no Kakei? Akasareta Luffy no Chichi!,Canon,Post-Enies Lobby Arc,2007,"2,156",9.1
315,Sono Na wa Shinsekai! Grand Line no Yukue,Canon,Post-Enies Lobby Arc,2007,670,8.2
316,Shanks Ugoku! Bousou Suru Jidai e no Kusabi,Canon,Post-Enies Lobby Arc,2007,"2,218",9.1
317,Yagara o Sagasu Shoujo! Mizu no Miyako Daisousasen,Canon,Post-Enies Lobby Arc,2007,473,6.3
318,Haha wa Tsuyoshi! Zoro no Dotabata Kaji Tetsudai,Canon,Post-Enies Lobby Arc,2007,503,6.1
319,Sanji Shougeki! Nazo no Jii-san to Gekiuma Ryouri,Canon,Post-Enies Lobby Arc,2007,460,6.6
320,Tsui ni Zen'in Shoukin Kubi! 6-okugoe no Ichimi!,Canon,Post-Enies Lobby Arc,2007,603,8
321,Umi o Nozomu Hyakujuu no Ou! Yume no Fune Doudou Kansei!,Canon,Post-Enies Lobby Arc,2007,558,7.9
322,Saraba Itoshiki Kobun-tachi! Franky Tatsu,Canon,Post-Enies Lobby Arc,2007,570,8
323,Shukkou Mizu no Miyako! Otoko Usopp Kettou no Kejime,Canon,Post-Enies Lobby Arc,2007,612,8.3
324,Meguru Tehaisho! Kokyou wa Odoru Fune wa Susumu!,Canon,Post-Enies Lobby Arc,2007,591,8.1
325,Saikyou no Nouryoku! Ace o Osou Kurohige no Yami,Canon,Post-Enies Lobby Arc,2007,"2,194",9.2
326,Nazo no Kaizoku Goikkou! Sunny-gou to Kiken na Wana,Filler,Ice Hunter Arc,2007,428,6.7
327,Sunny-gou Pinch! Unare Chousoku no Himitsu Mecha,Filler,Ice Hunter Arc,2007,440,6.3
328,Shinsekai ni Shizumu Yume! Shitsui no Kaizoku Puzzle,Filler,Ice Hunter Arc,2007,437,6.3
329,Osoikuru Shikaku-tachi! Hyoujou Dai Battle Kaishi,Filler,Ice Hunter Arc,2007,424,6.5
330,Dai Kusen Mugiwara Ichimi! Hata ni Kakeru Kaizoku Tamashii,Filler,Ice Hunter Arc,2007,421,6.3
331,Atsukurushisa Zenkai! Semaru Futago no Jiryoku Power,Filler,Ice Hunter Arc,2007,422,6.4
332,Dai Konran no Yakata! Ikaru Don to Toraware no Ichimi,Filler,Ice Hunter Arc,2007,416,6.5
333,Fushichou Futatabi! Tomo ni Chikau Kaizokuki no Yume,Filler,Ice Hunter Arc,2007,422,6.3
334,Atsu Atsu Choukessen! Luffy VS Shakunetsu no Don,Filler,Ice Hunter Arc,2007,410,6.6
335,Shin Sekai de Matsu! Isamashiki Kaizoku to no Wakare,Filler,Ice Hunter Arc,2007,414,6.6
336,Shutsudou Chopperman! Mamore Nagisa no TV-kyoku,Filler,Chopper Man Special,2007,614,5.2
337,Ma no Umi Totsunyuu! Kiri ni Ukabu Nazo no Gaikotsu,Canon,Thriller Bark Arc,2008,637,8.2
338,Hito ni Aeta Yorokobi! Gaikotsu Shinshi no Shoutai,Canon,Thriller Bark Arc,2008,578,8
339,Kai Genshou Zokuzoku! Thriller Bark Jouriku,Canon,Thriller Bark Arc,2008,526,7.6
340,Tensai to Yobareta Otoko! Hogback Arawaru!,Canon,Thriller Bark Arc,2008,515,7.5
341,Nami Dai Pinch! Zombie Yashiki to Toumei Ningen,Canon,Thriller Bark Arc,2008,527,7.7
342,Zombie no Nazo! Akumu no Hogback Kenkyuujo,Canon,Thriller Bark Arc,2008,515,7.5
343,Sono Na wa Moriah! Kage o Nigiru Dai Kaizoku no Wana,Canon,Thriller Bark Arc,2008,494,7.6
344,Zombie Song no Kyouen! Youchi no Kane wa Yami no Oto,Canon,Thriller Bark Arc,2008,512,7.5
345,Doubutsu Ippai? Perona no Wonder Garden,Canon,Thriller Bark Arc,2008,495,7
346,Kieru Mugiwara Ichimi! Arawareta Nazo no Kenshi!,Canon,Thriller Bark Arc,2008,491,7.5
347,Nokoru Kishidou! Nami o Mamoru Uragiri Zombie,Canon,Thriller Bark Arc,2008,492,7.4
348,Sora kara Sanjou! Kenkyou Hanauta wa Ano Otoko!,Canon,Thriller Bark Arc,2008,504,7.7
349,Luffy Kinkyuujitai! Saikyou no Kage no Ikisaki,Canon,Thriller Bark Arc,2008,510,7.8
350,Majin to Yobareta Senshi!! Oz Fukkatsu no Toki,Canon,Thriller Bark Arc,2008,501,7.8
351,500-nenburi no Mezame!! Oars Kaigan!!,Canon,Thriller Bark Arc,2008,500,7.6
352,Shinnen no Inochigoi!! Afro o Mamoru Brook,Canon,Thriller Bark Arc,2008,506,7.6
353,Otoko no Chikai wa Shinazu!! Tooi Sora de Matsu Tomo e,Canon,Thriller Bark Arc,2008,580,8.1
354,Kanarazu Ai ni Iku!! Brook to Yakusoku no Misaki,Canon,Thriller Bark Arc,2008,500,7.2
355,Meshi to Nami to Kage!! Luffy Ikari no Daihangeki,Canon,Thriller Bark Arc,2008,492,7.7
356,Usopp Saikyou? Negative wa Makasetoke,Canon,Thriller Bark Arc,2008,493,7.6
357,General Zombie Shunsatsu!! Oars wa Bouken Kibun!!,Canon,Thriller Bark Arc,2008,505,7.8
358,Honoo no Knight Sanji!! Keritsubuse Itsuwari no Kyoshiki,Canon,Thriller Bark Arc,2008,491,7.6
359,Suke Suke no Innen? Ubawareta Sanji no Yume,Canon,Thriller Bark Arc,2008,507,7.6
360,Tasukete Hero!? Teki wa Fujimi no Princess,Canon,Thriller Bark Arc,2008,500,7.8
361,Perona Kyoufu!? Uso no U wa Usopp no U,Canon,Thriller Bark Arc,2008,510,7.8
362,Yane ni Mau Zangeki!! Kecchaku Zoro Tai Ryuuma,Canon,Thriller Bark Arc,2008,575,8.1
363,Chopper Gekido!! Hogback Ma no Ijutsu,Canon,Thriller Bark Arc,2008,487,7.6
364,Oz Hoeru!! Detekoi Mugiwara no Ichimi,Canon,Thriller Bark Arc,2008,489,7.3
365,Teki wa Luffy!! Saikyou Zombie Tai Mugiwara no Ichimi,Canon,Thriller Bark Arc,2008,489,7.5
366,Taorero Absalom!! Nami Yuujou no Raigeki!!,Canon,Thriller Bark Arc,2008,491,7.5
367,Ubae Down!! Hissatsu Mugiwara Docking?,Canon,Thriller Bark Arc,2008,530,8
368,Ashioto Naki Shuurai!! Nazo no Boumonsha: Boukun Kuma,Canon,Thriller Bark Arc,2008,531,7.9
369,Oars Plus Moriah: Chikara to Zunou no Saikyou Gattai,Canon,Thriller Bark Arc,2008,537,8
370,Gyakuten e no Hisaku: Nightmare Luffy Kenzan,Canon,Thriller Bark Arc,2008,533,7.9
371,"Kaimetsu, Mugiwara Ichimi: Kagekage no Chikara Zenkai",Canon,Thriller Bark Arc,2008,530,8.1
372,Chouzetsu Battle Start! Luffy vs Luffy,Canon,Thriller Bark Arc,2008,"1,817",9
373,"Kecchaku Semaru! Tatakikome, Todome no Ichigeki",Canon,Thriller Bark Arc,2008,"1,649",8.9
374,Karada ga Kieru! Akumu no Shima ni Sasu Asahi!,Canon,Thriller Bark Arc,2008,782,8.4
375,Owaranai Kiki! Mugiwara Ichimi Massatsu Shirei,Canon,Thriller Bark Arc,2008,575,8.1
376,Subete o Hajiku: Kuma no Nikyunikyu no Chikara,Canon,Thriller Bark Arc,2008,"1,989",9.1
377,Nakama no Itami wa Waga Itami: Zoro Kesshi no Tatakai,Canon,Thriller Bark Arc,2008,"20,725",9.6
378,Tooi Hi no Yakusoku: Kaizoku no Uta to Chiisana Kujira,Canon,Thriller Bark Arc,2008,590,8.2
379,Brook no Kako: Youki na Nakama Kanashiki Wakare,Canon,Thriller Bark Arc,2008,583,8.1
380,Binks no Sake: Kako to Genzai o Tsunagu Uta,Canon,Thriller Bark Arc,2008,"2,235",9.2
381,Arata na Nakama! Ongakuka Hanauta no Brook,Canon,Thriller Bark Arc,2008,575,8.2
382,Noronoro no Kyoui: Gingitsune no Foxy Futatabi,Filler,Spa Island Arc,2008,437,6.3
383,Otakara Daisoudatsusen! Houkai! Spa Island Gou,Filler,Spa Island Arc,2008,435,6.3
384,Brook's Hard Struggle the Difficult Path to Becoming a True C...,Filler,Spa Island Arc,2009,460,7.2
385,Halfway Through the Grand Line Arrival! The Red Line,Canon,Sabaody Archipelago Arc,2009,517,7.5
386,Hatred of the Straw Hat Crew Enter Iron Mask Duval,Canon,Sabaody Archipelago Arc,2009,515,7.5
387,The Fated Reunion! Save the Imprisoned Fishman,Canon,Sabaody Archipelago Arc,2009,505,7.4
388,Tragedy! The Truth of the Unmasked Duval,Canon,Sabaody Archipelago Arc,2009,509,7.7
389,Explosion! The Sunny's Super Secret Weapon Gaon Cannon,Canon,Sabaody Archipelago Arc,2009,513,7.7
390,Gyojin-tou o Mezashite Jouriku: Sabaody Shotou,Canon,Sabaody Archipelago Arc,2009,607,7.6
391,Bougyaku! Sabaody no Shihaisha Tenryuubito,Canon,Sabaody Archipelago Arc,2009,769,8
392,Arata na Rival Shuuketsu! 11-nin no Choushinsei,Canon,Sabaody Archipelago Arc,2009,864,8.3
393,Hyouteki wa Camie!! Semaru Hitosaraiya no Mashu,Canon,Sabaody Archipelago Arc,2009,828,8.1
394,Camie o Sukue: Shotou ni Nokoru Ankoku no Rekishi,Canon,Sabaody Archipelago Arc,2009,796,8
395,Time Limit: Human Auction Kaimaku,Canon,Sabaody Archipelago Arc,2009,849,8.2
396,Tekken Sakuretsu! Auction o Buttsubuse,Canon,Sabaody Archipelago Arc,2009,"6,924",9.6
397,Dai Panic! Auction Kaijou no Shitou,Canon,Sabaody Archipelago Arc,2009,"2,753",9.3
398,Taishou Kizaru Ugoku! Souzen Sabaody Shotou,Canon,Sabaody Archipelago Arc,2009,"1,972",9
399,Houimou o Toppa Seyo! Kaigun Tai Sannin no Senchou,Canon,Sabaody Archipelago Arc,2009,"1,976",9
400,Roger to Rayleigh: Kaizoku Ou to Sono Migiude,Canon,Sabaody Archipelago Arc,2009,"2,603",9.3
401,Kaihi Fukanou!? Taishou Kizaru no Kousoku no Keri,Canon,Sabaody Archipelago Arc,2009,"1,977",9
402,Attouteki! Kaigun no Sentou Heiki Pacifista,Canon,Sabaody Archipelago Arc,2009,"2,008",9.1
403,Saranaru Kyouteki Arawaru! Masakari Katsuida Sentoumaru,Canon,Sabaody Archipelago Arc,2009,"2,076",9.1
404,Taishou Kizuru no Moukou Mugiwara Ichimi Zettaizetsumei!,Canon,Sabaody Archipelago Arc,2009,"3,550",9.5
405,Kesareta Nakama-tachi: Mugiwara Ichimi Saigo no Hi,Canon,Sabaody Archipelago Arc,2009,"16,031",9.6
406,Jidaigeki Tokubetsu Hen: Luffy Oyabun Futatabi Kenzan,Filler,Boss Luffy Historical Special,2009,544,5.7
407,Jidaigeki Tokubetsu Hen: Yabure! Thriller Shoukai no Wana,Filler,Boss Luffy Historical Special,2009,533,5.7
408,Jouriku! Danshi Kinsei no Shima Amazon Lily,Canon,Amazon Lily Arc,2009,639,7.7
409,Isoge! Nakama-tachi no Moto e: Nyougashima no Bouken,Canon,Amazon Lily Arc,2009,674,7.7
410,Minna Meromero! Kaizoku Jotei Hancock,Canon,Amazon Lily Arc,2009,678,7.8
411,Senaka ni Kakusareta Himitsu: Souguu Luffy to Hebihime,Canon,Amazon Lily Arc,2009,776,7.8
412,Hijou no Sabaki! Ishi ni Sareta Margaret!!,Canon,Amazon Lily Arc,2009,"1,080",8.4
413,Luffy Daikusen! Hebi Shimai no Haki no Chikara!!,Canon,Amazon Lily Arc,2009,"1,800",8.9
414,Nouryoku Zenkai Battle!! Gomugomu Tai Hebihebi,Canon,Amazon Lily Arc,2009,"1,180",8.6
415,Hancock no Kokuhaku: Shimai no Imawashiki Kako,Canon,Amazon Lily Arc,2009,"1,634",8.9
416,Ace o Sukue! Arata na Mokutekichi wa Daikangoku,Canon,Amazon Lily Arc,2009,"1,104",8.5
417,Koi wa Hurricane! Meromero Hancock,Canon,Amazon Lily Arc,2009,"1,125",8.5
418,Nakama-tachi no Yukue: Tenkou no Kagaku to Karakurijima,Filler,Straw Hat's Separation Serial,2009,502,7.5
419,Nakama-tachi no Yukue: Kyochou no Shima to Momoiro no Rakuen!,Filler,Straw Hat's Separation Serial,2009,498,7
420,Nakama-tachi no Yukue: Shima o Tsunagu Hashi to Shokujin Shok...,Filler,Straw Hat's Separation Serial,2009,490,7.4
421,Nakama-tachi no Yukue: Negative Princess to Akuma Ou,Filler,Straw Hat's Separation Serial,2009,493,7.6
422,Kesshi no Sennyuu! Kaitei Kangoku Impel Down Sennyuu!,Canon,Impel Down Arc,2009,520,7.8
423,Jigoku de Saikai!? Bara Bara no Mi no Jitsuryokusha!,Canon,Impel Down Arc,2009,532,7.9
424,Yabure! Guren Jigoku: Buggy no Dohade Daisakusen,Canon,Impel Down Arc,2009,510,7.8
425,Kangoku Saikyou no Otoko! Doku Ningen Magellan Toujou,Canon,Impel Down Arc,2009,503,7.8
426,Eiga Rendou Special: Ugokidasu Kinjishi no Yabou,Filler,Little East Blue Arc,2009,404,6.6
427,Eiga Rendou Special: Nerawareta Little East Blue,Filler,Little East Blue Arc,2009,405,6.3
428,Eiga Rendou Special: Amigo Kaizokudan no Moukou,Filler,Little East Blue Arc,2009,403,6.3
429,Eiga Rendou Special: Kessen! Luffy Tai Largo,Filler,Little East Blue Arc,2009,403,6.3
430,Toraware no Ouka Shichibukai! Kaikyou no Jinbee,Canon,Impel Down Arc,2009,508,7.8
431,Roubanchou Saldeath no Wana: Level 3 Kiga Jigoku,Canon,Impel Down Arc,2009,494,7.6
432,Tokihanatareta Swan! Saikai! Bon Clay,Canon,Impel Down Arc,2009,545,7.9
433,Shochou Magellan Ugoku: Kansei! Mugiwara Houimou,Canon,Impel Down Arc,2010,585,8
434,Zensenryoku Shuuketsu! Level 4 Shounetsu Jigoku no Kessen,Canon,Impel Down Arc,2010,521,7.6
435,Magellan Tsuyoshi! Bon Clay Tekizen Toubou,Canon,Impel Down Arc,2010,601,8.1
436,Shiyuu Kessu! Sutemi no Luffy Saigo no Ichigeki,Canon,Impel Down Arc,2010,671,8.2
437,Dachi Dakara: Bon Clay Kesshi no Kyuushutsukou,Canon,Impel Down Arc,2010,630,8
438,Jigoku ni Rakuen! Impel Down Level 5.5,Canon,Impel Down Arc,2010,515,7.5
439,Luffy Chiryou Kaishi: Ivan-san Kiseki no Chikara!!,Canon,Impel Down Arc,2010,534,7.3
440,Kiseki o Shinjite! Bon Clay Tamashii no Seien,Canon,Impel Down Arc,2010,543,7.7
441,Luffy Fukkatsu! Iwa-san Datsugoku Keikaku Shidou!!,Canon,Impel Down Arc,2010,535,7.8
442,Ace Gosou Kaishi: Saikasou Level 6 no Koubou!,Canon,Impel Down Arc,2010,575,8.1
443,Saikyou Team Kessei: Shinkan! Inpel Down,Canon,Impel Down Arc,2010,568,8.1
444,Saranaru Konran! Kurohige Teach Shuurai!,Canon,Impel Down Arc,2010,577,8.1
445,Kiken na Deai! Kurohige to Ame no Shiryuu,Canon,Impel Down Arc,2010,522,7.8
446,Iji demo Taorenu! Honki no Hannyabaru,Canon,Impel Down Arc,2010,758,8.3
447,Ikari no Jet Pistol: Luffy vs Kurohige,Canon,Impel Down Arc,2010,"2,039",9
448,Magellan o Tomero! Iva-san Ougi Sakuretsu,Canon,Impel Down Arc,2010,554,7.9
449,Magellan no Kisaku! Habamareta Datsugoku Keikaku,Canon,Impel Down Arc,2010,575,8.1
450,"Datsugoku Team Zettaizetsumei: Kinjite ""Venom Demon""",Canon,Impel Down Arc,2010,"1,595",8.9
451,Okose Saigo no Kiseki: Seigi no Mon o Toppa Seyo,Canon,Impel Down Arc,2010,"2,340",9.2
452,Mezase Kaigun Honbu: Ace Kyuushutsu e no Funade!,Canon,Impel Down Arc,2010,555,7.9
453,Nakama-tachi no Yukue: Weatheria Report to Cyborg Animal,Filler,Straw Hat's Separation Serial,2010,474,7.1
454,Nakama-tachi no Yukue: Kyochou no Hina to Momoiro no Taiketsu,Filler,Straw Hat's Separation Serial,2010,533,6.3
455,Nakama-tachi no Yukue: Kakumeigun to Boushoku no Mori no Wana!,Filler,Straw Hat's Separation Serial,2010,471,7.1
456,Nakama-tachi no Yukue: Kyodai na Bohyou to Pantsu no On,Filler,Straw Hat's Separation Serial,2010,480,7.1
457,Marineford Chokuzen Kaisou Special: Kyoudai no Chikai!,Canon,Marineford Arc,2010,496,6.7
458,Marineford Chokuzen Kaisou Special: Shuuketsu! San Taishou,Canon,Marineford Arc,2010,554,6.7
459,Kessen no Toki Semaru! Kaigun Saikyou no Fujin Kansei!,Canon,Marineford Arc,2010,"2,232",9.1
460,Kyodai Kantai Arawaru: Shuurai! Shirohige Kaizokudan,Canon,Marineford Arc,2010,"2,265",9.1
461,Kessen no Makuake! Ace to Shirohige no Kako,Canon,Marineford Arc,2010,"2,510",9.2
462,Sekai o Horobosu Chikara! Guragura no Mi no Nouryoku,Canon,Marineford Arc,2010,"2,198",9.1
463,Subete o Yakitsukusu!! Taishou Akainu no Chikara!,Canon,Marineford Arc,2010,"2,319",9.2
464,Majin no Shison! Little Oars Jr. Bakushin!,Canon,Marineford Arc,2010,"2,152",9.1
465,Shousha dake ga Seigi Hatsudou! Sengoku no Sakusen!,Canon,Marineford Arc,2010,"2,384",9.3
466,Mugiwara Team Touchaku Fuunkyuu o Tsugeru Senjou,Canon,Marineford Arc,2010,"2,931",9.4
467,Shinde mo Tasukeru: Luffy vs Kaigun Battle Start,Canon,Marineford Arc,2010,"2,525",9.3
468,Gekisen no Renzoku! Nouryokusha Gundan VS Nouryokusha Gundan,Canon,Marineford Arc,2010,"2,261",9.2
469,Kuma ni Okita Ihen Iva-san Ikari no Ichigeki,Canon,Marineford Arc,2010,"2,138",9
470,Kengou Mihawk Luffy ni Semaru Kokutou no Zangeki,Canon,Marineford Arc,2010,"2,208",9.2
471,Senmetsu Sakusen Shidou: Pacifista Gundan no Iryoku,Canon,Marineford Arc,2010,"2,103",9.1
472,Akainu no Bouryaku! Otoshiirerareta Shirohige,Canon,Marineford Arc,2010,"2,220",9.2
473,Houiheki Sadou! Shirohige Kaizokudan Zettaizetsumei!!,Canon,Marineford Arc,2010,"2,158",9.2
474,Shokei Shikkou Shirei Kudaru: Houiheki o Toppa Seyo!,Canon,Marineford Arc,2010,"3,310",9.5
475,Saishuu Kyokumen Totsunyuu! Shirohige Kishikaisei no Itte,Canon,Marineford Arc,2010,"2,397",9.3
476,Luffy Chikaratsuku! Oris Hiroba no Souryokusen!!,Canon,Marineford Arc,2010,"2,235",9.2
477,Inochi o Kezuru Chikara: Tension Hormone Futatabi,Canon,Marineford Arc,2010,"2,109",9.1
478,Yakusoku no Tame ni!! Gekitou! Luffy to Coby,Canon,Marineford Arc,2010,"2,482",9.3
479,Shokeidai Mokuzen! Hirakareta Ace e no Michi!!,Canon,Marineford Arc,2010,"2,203",9.2
480,Sorezore no Eranda Michi: Luffy vs Garp!,Canon,Marineford Arc,2010,"3,552",9.5
481,Ace Kyuushutsu! Shirohige Saigo no Senchou Meirei!,Canon,Marineford Arc,2010,"3,964",9.6
482,Hi o mo Yaki Tsukusu Chikara: Akainu Hijou no Tsuigeki,Canon,Marineford Arc,2011,"13,320",9.7
483,Kotae o Sagashite: Hiken Ace Senjou ni Shisu,Canon,Marineford Arc,2011,"20,302",9.6
484,Kaigun Honbu Houkai! Shirohige Kotobanaki Ikari!,Canon,Marineford Arc,2011,"13,546",9.7
485,Kejime o Tsukeru: Shirohige vs Kurohige Kaizokudan,Canon,Marineford Arc,2011,"19,160",9.6
486,Show no Kaimaku: Akasareta Kurohige no Takurami,Canon,Marineford Arc,2011,"3,177",9.4
487,Akainu no Shuunen! Luffy o Osou Magma no Kobushi,Canon,Marineford Arc,2011,"2,546",9.2
488,Hisshi no Sakebi: Unmei o Kaeru Yuuki Aru Suubyou,Canon,Marineford Arc,2011,"3,981",9.5
489,Shanks Kenzan! Choujou Sensou Tsui ni Shuuketsu,Canon,Marineford Arc,2011,"3,915",9.5
490,"Gun'yuu Kakkyo Su! ""Atarashii Jidai"" no Hajimari!",Canon,Post-War Arc,2011,"1,379",8.4
491,Nyougashima Jouriku: Luffy o Semeru Kakoku na Genjitsu,Canon,Post-War Arc,2011,"1,435",8.6
492,"Saikyou Tag! Funtou, Luffy to Toriko!",Filler,Toriko Crossover,2011,614,5.5
493,Luffy to Ace: Kyoudai no Deai no Monogatari!,Canon,Post-War Arc,2011,"1,153",8.3
494,Sabo Toujou! Gray Terminal no Shounen,Canon,Post-War Arc,2011,879,8.1
495,Ore wa Nigenai: Ace Kesshi no Kyuushutsu Sakusen,Canon,Post-War Arc,2011,783,7.8
496,Itsuka Umi e! Sannin no Akudou Chikai no Sakazuki!,Canon,Post-War Arc,2011,888,8
497,Dadan Ikka to no Wakare!? Kansei! Himitsu Kichi,Canon,Post-War Arc,2011,771,7.8
498,Luffy Deshiiri!? Kaizoku Ou to Tatakatta Otoko!,Canon,Post-War Arc,2011,602,7.4
499,Ootora to no Kessen! Senchou ni Naru no wa Dare Da!,Canon,Post-War Arc,2011,590,7.4
500,Ubawareta Jiyuu! Sankyoudai ni Semaru Kizoku no Wana,Canon,Post-War Arc,2011,662,7.7
501,Hanatareta Honoo: Gray Terminal no Kiki,Canon,Post-War Arc,2011,654,7.8
502,Jiyuu wa Doko ni Aru? Shounen no Kanashiki Funade,Canon,Post-War Arc,2011,687,7.8
503,Yoroshiku Tanomu! Kyoudai kara Todoita Tegami!,Canon,Post-War Arc,2011,"1,746",8.9
504,Yakusoku o Hatasu Tame: Sorezore no Tabidachi!,Canon,Post-War Arc,2011,853,8.2
505,Aitsura ni Aitee! Luffy Namida no Sakebi,Canon,Post-War Arc,2011,"1,956",9.1
506,Mugiwara no Ichimi Gekishin! Motarasareta Kyouhou,Canon,Post-War Arc,2011,788,7.9
507,Meiou Rayleigh to no Saikai: Luffy Ketsudan no Toki,Canon,Post-War Arc,2011,773,7.9
508,Senchou no Moto e: Sorajima no Datsugoku to Fuyujima no Jiken,Canon,Post-War Arc,2011,557,7.3
509,Sesshoku! Daikengou Mihawk: Zoro Iji no Shitou,Canon,Post-War Arc,2011,564,7.6
510,Sanji no Junan: Oukoku e to Kikan Shita Joou!,Canon,Post-War Arc,2011,550,7.5
511,Masaka no Saijouriku! Luffy Marineford e!,Canon,Post-War Arc,2011,653,8.1
512,Nakama ni Todoke: Kakemeguru Dai News!,Canon,Post-War Arc,2011,623,7.8
513,Ugokidasu Kaizoku-tachi! Kyoutendouchi no Shinsekai,Canon,Post-War Arc,2011,546,7.4
514,Jigoku o Ikinuke: Sanji Otoko o Kaketa Shoubu,Canon,Post-War Arc,2011,537,7.2
515,Madamada Tsuyoku Naru! Zoro Senchou e no Chikai,Canon,Post-War Arc,2011,563,7.8
516,Luffy Shugyou Kaishi: 2-nengo ni Yakusoku no Basho de,Canon,Post-War Arc,2011,"2,006",9.1
517,Shinshou Kaimaku: Saishuuketsu! Mugiwara no Ichimi,Canon,Return to Sabaody Arc,2011,"2,164",9.1
518,Isshokusokuhatsu! Luffy Tai Nise Luffy,Canon,Return to Sabaody Arc,2011,860,8.2
519,Kaigun Shutsudou: Nerawareta Mugiwara no Ichimi,Canon,Return to Sabaody Arc,2011,761,7.9
520,Oomono Shuuketsu: Nise Mugiwara Ichimi no Kyoui,Canon,Return to Sabaody Arc,2011,685,7.8
521,Sentou Kaishi! Misero Shugyou no Seika!,Canon,Return to Sabaody Arc,2011,"2,167",9.2
522,Zen'in Shuugou: Luffy Shinsekai e no Funade,Canon,Return to Sabaody Arc,2011,"1,163",8.6
523,Kyougaku no Shinjitsu: Sunny-gou o Mamotta Otoko,Canon,Fishman Island Arc,2011,735,7.9
524,Kaichuu no Shitou: Arawareta Oounabara no Akuma,Canon,Fishman Island Arc,2011,486,7.5
525,Shinkai de Sounan: Hagureta Mugiwara no Ichimi,Canon,Fishman Island Arc,2011,468,7.5
526,Kaitei Kazan Funka! Nagasarete Gyojintou,Canon,Fishman Island Arc,2011,461,7.5
527,Gyojintou Jouriku: Uruwashiki Ningyo-tachi,Canon,Fishman Island Arc,2011,465,7.6
528,Koufun Bakuhatsu! Sanji Seimei no Kiki!,Canon,Fishman Island Arc,2011,474,7.3
529,Gyojintou Metsubou!? Sharley no Yogen,Canon,Fishman Island Arc,2011,497,7.3
530,Gyojintou no Ou: Kaishin Neptune!,Canon,Fishman Island Arc,2012,455,7.4
531,Ryuuguujou! Tasuketa Same ni Tsurerarete,Canon,Fishman Island Arc,2012,460,7.1
532,Yowamushi de Nakimushi! Koukakutou no Ningyo Hime,Canon,Fishman Island Arc,2012,459,7.2
533,Kinkyuu Jitai Hassei: Senkyo Sareta Ryuuguujou,Canon,Fishman Island Arc,2012,453,7.2
534,Ryuuguujou Gekishin! Shirahoshi Yuukai Jiken,Canon,Fishman Island Arc,2012,457,7.5
535,Hody Shuurai: Fukushuu Keikaku no Hajimari,Canon,Fishman Island Arc,2012,447,7.3
536,Ryuuguujou no Kessen! Zoro Tai Hody,Canon,Fishman Island Arc,2012,467,7.7
537,Shirahoshi o Mamore: Decken no Tsuigeki,Canon,Fishman Island Arc,2012,462,7.7
538,Ichimi Haiboku!? Hody Ryuuguujou Seiatsu,Canon,Fishman Island Arc,2012,451,7.6
539,Yomigaeru Innen! Nami to Gyojin Kaizokudan!,Canon,Fishman Island Arc,2012,453,7.5
540,Dorei Kaihou no Eiyuu: Boukenka Tiger,Canon,Fishman Island Arc,2012,472,7.7
541,Kizaru Toujou! Tiger o Nerau Wana!,Canon,Fishman Island Arc,2012,563,8.1
542,Team Kessei! Chopper o Sukue,Filler,Toriko Crossover,2012,428,5.6
543,Eiyuu no Saigo: Tiger Shougeki no Shinjitsu,Canon,Fishman Island Arc,2012,602,8.2
544,Kaizokudan Bunretsu: Jinbe Tai Arlong,Canon,Fishman Island Arc,2012,465,7.5
545,Yureru Gyojintou! Hyouchaku Shita Tenryuubito,Canon,Fishman Island Arc,2012,462,7.3
546,Totsuzen no Higeki! Mirai o Tozasu Kyoudan,Canon,Fishman Island Arc,2012,494,7.9
547,Futatabi Genzai e! Ugokidasu Hody,Canon,Fishman Island Arc,2012,446,7.6
548,Oukoku Gekishin: Neptune Shokei Shirei,Canon,Fishman Island Arc,2012,435,7.5
549,Shoujita Kiretsu! Luffy Tai Jinbe,Canon,Fishman Island Arc,2012,438,7.6
550,Hody no Ihen: Kyouyaku no Shin no Chikara!,Canon,Fishman Island Arc,2012,446,7
551,Kessen Hajimaru: Gyoncorde Hiroba!,Canon,Fishman Island Arc,2012,442,7.1
552,Shougeki no Kokuhaku: Otohime Ansatsu no Shinjitsu,Canon,Fishman Island Arc,2012,448,7.2
553,Shirahoshi no Namida! Luffy Tsui ni Toujou,Canon,Fishman Island Arc,2012,567,8.1
554,Dai Gekitotsu! Mugiwara Ichimi VS 10 Man no Teki,Canon,Fishman Island Arc,2012,"1,810",9
555,Oowaza Sakuretsu! Zoro Sanji Shutsugeki!,Canon,Fishman Island Arc,2012,479,7.9
556,Hatsu Hirou! Sunny Gou no Himitsu Heiki!,Canon,Fishman Island Arc,2012,454,7.6
557,Iron Pirate! Franky Shougun Toujou,Canon,Fishman Island Arc,2012,442,7.5
558,Noah Sekkin! Gyojintou Kaimetsu no Kiki!,Canon,Fishman Island Arc,2012,435,7.2
559,Isoge Luffy! Shirahoshi Zettaizetsumei,Canon,Fishman Island Arc,2012,436,7.1
560,Gekitou Kaishi! Luffy Tai Hody!,Canon,Fishman Island Arc,2012,443,7.3
561,Dairansen! Ichimi Tai Shin Gyojin Kaizokudan!,Canon,Fishman Island Arc,2012,444,7.3
562,Luffy Haiboku!? Hody Fukushuu no Toki,Canon,Fishman Island Arc,2012,443,7
563,Shougeki no Jijitsu! Hody no Shoutai!,Canon,Fishman Island Arc,2012,451,6.9
564,Zero ni! Luffy e no Atsuki Negai!,Canon,Fishman Island Arc,2012,443,7.2
565,Luffy Konshin no Ichigeki! Red Hawk Sakuretsu,Canon,Fishman Island Arc,2012,475,7.7
566,Tsui ni Kecchaku! Hody Saishuu Kessen,Canon,Fishman Island Arc,2012,449,7.6
567,Tomare Noah! Kesshi no Elephant Gatling!,Canon,Fishman Island Arc,2012,459,7.6
568,Mirai e! Taiyou e to Tsuzuku Michi!,Canon,Fishman Island Arc,2012,519,7.8
569,Akasareta Himitsu: Kodai Heiki no Shinjitsu,Canon,Fishman Island Arc,2012,456,7.4
570,Ichimi Kyougaku! Aratanaru Kaigun Gensui!,Canon,Fishman Island Arc,2012,522,7.9
571,Okashizuki! Yonkou Big Mom,Canon,Fishman Island Arc,2012,500,7.9
572,Zento Tanan: Shin Sekai ni Machiukeru Wana,Canon,Fishman Island Arc,2012,440,7.6
573,Tsui ni Shukkou! Sayonara Gyojin-tou,Canon,Fishman Island Arc,2012,446,7.4
574,Shin Sekai e! Saikyou no Umi o Mezashite,Canon,Fishman Island Arc,2012,441,7.3
575,Z no Yabou Hen: Chiisana Kyojin Lily!,Filler,Z's Ambition Arc,2012,390,6.9
576,Z no Yabou Hen: Nazo no Saikyou Gundan Toujou!,Filler,Z's Ambition Arc,2012,388,6.8
577,Z no Yabou Hen: Kesshi no Dai Dasshutsu Sakusen!,Filler,Z's Ambition Arc,2012,388,6.7
578,Z no Yabou Hen: Luffy VS Shuzo!,Filler,Z's Ambition Arc,2012,411,6.6
579,Jouriku! Moeru Shima Punk Hazard,Canon,Punk Hazard Arc,2013,465,7.5
580,Shakunetsu no Tatakai! Luffy Tai Kyodai Ryuu!,Canon,Punk Hazard Arc,2013,461,7.4
581,Ichimi Souzen! Shougeki no Kubi dake Samurai Toujou!,Canon,Punk Hazard Arc,2013,456,7.1
582,Kyougaku! Tsui ni Akasareru Shima no Himitsu,Canon,Punk Hazard Arc,2013,455,7.3
583,Kodomo-tachi o Sukue! Ichimi Sentou Kaishi,Canon,Punk Hazard Arc,2013,446,7.1
584,Kenjutsu Shoubu: Brook Tai Nazo no Doutai Samurai,Canon,Punk Hazard Arc,2013,442,7.5
585,Shichibukai! Trafalgar Law,Canon,Punk Hazard Arc,2013,487,7.8
586,Dai Pinch: Luffy Gokkan no Mizuumi ni Shizumu,Canon,Punk Hazard Arc,2013,472,7.8
587,Gekitotsu! Law VS Smoker Chuujou,Canon,Punk Hazard Arc,2013,585,8.2
588,2 Nenburi no Saikai! Luffy to Law,Canon,Punk Hazard Arc,2013,465,7.8
589,Sekai Saiaku Kyoufu no Kagakusha Caesar,Canon,Punk Hazard Arc,2013,439,7.3
590,Jijou Saikyou Colabo VS Umi no Taishokukan,Filler,Toriko and Dragon Ball Crossover,2013,521,5.6
591,Chopper Gekido Master Hidounaru Jikken,Canon,Punk Hazard Arc,2013,449,7.4
592,Ichimi Massatsu! Densetsu no Koroshiya Raishuu!,Canon,Punk Hazard Arc,2013,440,7.1
593,Nami o Sukue! Luffy Yukiyama no Tatakai,Canon,Punk Hazard Arc,2013,442,7.6
594,Kessei! Luffy-Law Kaizoku Doumei!,Canon,Punk Hazard Arc,2013,471,7.8
595,Master o Toraero: Kaizoku Doumei Sakusen Kaishi!,Canon,Punk Hazard Arc,2013,442,7.4
596,Zenmetsu no Kiki: Shi no Monster Hirai,Canon,Punk Hazard Arc,2013,434,7.3
597,Dai-Gekisen: Caesar Shin no Nouryoku Hatsudou!,Canon,Punk Hazard Arc,2013,456,7.9
598,Honoo Kirisaku Samurai! Kitsunebi no Kin'emon!,Canon,Punk Hazard Arc,2013,435,7.5
599,Shougeki! Nazo no Otoko Vergo no Shoutai!,Canon,Punk Hazard Arc,2013,446,7.6
600,Kodomo-tachi o Mamore! Semaru Master no Ma no Te,Canon,Punk Hazard Arc,2013,442,7.2
601,Shin Sekai Gekishin: Caesar Akumu no Jikken,Canon,Punk Hazard Arc,2013,435,7.2
602,Shijou Saiaku no Satsuriku Heiki! Shinokuni,Canon,Punk Hazard Arc,2013,433,7.3
603,Hangeki Kaishi! Luffy-Law Daidasshutsu,Canon,Punk Hazard Arc,2013,444,7.8
604,Mezase R-tou! Kaizoku Doumei Kaishingeki!,Canon,Punk Hazard Arc,2013,435,7.5
605,Tashigi no Namida: G-5 Kesshi no Toppa Sakusen,Canon,Punk Hazard Arc,2013,449,7.3
606,Uragiri no Chuujou! Kichiku no Vergo,Canon,Punk Hazard Arc,2013,441,7.4
607,Hakunetsu no Gekisen: Luffy VS Caesar,Canon,Punk Hazard Arc,2013,475,8
608,Yami no Kuromaku! Doflamingo Ugoku!,Canon,Punk Hazard Arc,2013,448,7.6
609,Luffy Toushi!? Kyoufu no Yukionna Monet!,Canon,Punk Hazard Arc,2013,442,7.6
610,Butsukaru Kobushi! Futari no Chuujou no Tatakai,Canon,Punk Hazard Arc,2013,446,7.3
611,Chiisana Dragon! Momonosuke Arawaru,Canon,Punk Hazard Arc,2013,439,7.3
612,Fubuki no Shitou: Mugiwara no Ichimi Tai Yukionna,Canon,Punk Hazard Arc,2013,450,7.5
613,Ougi Sakuretsu! Zoro Saikyou no Ittou-ryuu!,Canon,Punk Hazard Arc,2013,"1,718",9
614,Tomodachi o Mamoru! Mocha Inochi-gake no Tousou,Canon,Punk Hazard Arc,2013,479,7.9
615,Chahige Hitsuu! Luffy Ikari no Ichigeki,Canon,Punk Hazard Arc,2013,474,7.9
616,Shougeki no Kecchaku! Smoker Tai Vergo!,Canon,Punk Hazard Arc,2013,"1,881",9.2
617,Caesar Gekiha! Saikyou no Grizzly Magnum,Canon,Punk Hazard Arc,2013,510,8.1
618,Shuurai! Dressrosa kara no Shikaku,Canon,Punk Hazard Arc,2013,441,7.6
619,Ooabare! Muteki no Franky Shougun,Canon,Punk Hazard Arc,2013,447,7.9
620,Zettai Zetsumei! Punk Hazard Dai-Bakuhatsu,Canon,Punk Hazard Arc,2013,484,7.9
621,Caesar o Hokaku-seyo - General Canon Sakuretsu,Canon,Punk Hazard Arc,2013,472,7.9
622,Kandou no Saikai! Momonosuke to Kin'emon,Canon,Punk Hazard Arc,2013,458,7.7
623,Sekibetsu no Toki - Punk Hazard Shukkou!,Canon,Punk Hazard Arc,2013,454,7.6
624,G-5 Kaimetsu! Doflamingo Kyuushuu!,Canon,Punk Hazard Arc,2013,693,8.2
625,Kinpaku! Aokiji tai Doflamingo,Canon,Punk Hazard Arc,2013,568,8
626,Kieta Caesar! Kaizoku Doumei Shutsugeki,Filler,Caesar Retrieval Arc,2013,392,6.7
627,Luffy Umi ni Shisu!? Kaizoku Doumei Houkai,Filler,Caesar Retrieval Arc,2014,422,6.7
628,Daigyakuten! Sakuretsu Luffy Ikari no Tekken,Filler,Caesar Retrieval Arc,2014,424,6.6
629,Gekishin! Shinsekai Ugokasu Dai News,Canon,Dressrosa Arc,2014,794,8.1
630,Bouken! Ai to Jounetsu no Kuni Dressrosa,Canon,Dressrosa Arc,2014,683,7.8
631,Nekkyou Uzumaku: Corrida Colosseum,Canon,Dressrosa Arc,2014,741,8
632,Kiken na Koi: Odoriko Violet,Canon,Dressrosa Arc,2014,670,7.8
633,Saikyou no Mumei Senshi! Lucy Toujou,Canon,Dressrosa Arc,2014,660,7.7
634,Kaizoku Kikoushi Cavendish,Canon,Dressrosa Arc,2014,683,7.9
635,Unmei no Saikai: Hyena no Bellamy,Canon,Dressrosa Arc,2014,686,7.9
636,Choushinsei! Hitokui no Bartolomeo,Canon,Dressrosa Arc,2014,699,7.9
637,Gun'yuu Kakkyo! Hakunetsu no B Block!,Canon,Dressrosa Arc,2014,668,7.8
638,Ichigeki Hissatsu! Kyoui no King Punch,Canon,Dressrosa Arc,2014,716,8
639,Tougyo Shuurai! Shi no Tekkyou o Toppa Seyo,Canon,Dressrosa Arc,2014,655,7.7
640,Bouken! Yousei no Shima Green Bit,Canon,Dressrosa Arc,2014,525,7.4
641,Shirarezaru Sekai Tontatta Oukoku,Canon,Dressrosa Arc,2014,545,7.5
642,Seiki no Bouryaku: Doflamingo Ugoku,Canon,Dressrosa Arc,2014,998,8.4
643,Tenchi Yurugasu! Taishou Fujitora no Jitsuryoku,Canon,Dressrosa Arc,2014,"1,020",8.4
644,Ikari no Ichigeki! Kyojin vs Lucy,Canon,Dressrosa Arc,2014,696,7.9
645,Hakai-hou Sakuretsu! Lucy Kikiippatsu,Canon,Dressrosa Arc,2014,532,7.5
646,Densetsu no Kaizoku - Don Chinjao!,Canon,Dressrosa Arc,2014,"1,828",9
647,Hikari to Kage - Dressrosa ni Hisomu Yami!,Canon,Dressrosa Arc,2014,535,7.7
648,Shutsugeki - Densetsu no Hero Usoland,Canon,Dressrosa Arc,2014,526,7.6
649,Gekisen Kecchaku! Lucy VS Chinjao!,Canon,Dressrosa Arc,2014,"1,003",8.4
650,Luffy to Shukumei no Ken Toushi Rebecca,Canon,Dressrosa Arc,2014,693,7.9
651,Mamorinuku! Rebecca to Omocha no Heitai,Canon,Dressrosa Arc,2014,701,8
652,Saigo no Chou Gekisen Ku - D Block Kaisen,Canon,Dressrosa Arc,2014,519,7.6
653,Kessen! Joura vs Mugiwara no Ichimi,Canon,Dressrosa Arc,2014,516,7.5
654,Yoshiken! Hakuba no Cavendish,Canon,Dressrosa Arc,2014,671,7.9
655,Dai Kessen! Sanji VS Doflamingo,Canon,Dressrosa Arc,2014,"1,061",8.4
656,Rebecca no Shi no Ken! Haisui no Kenbu,Canon,Dressrosa Arc,2014,646,7.7
657,Saikyou no Senshi! Logan vs Rebecca,Canon,Dressrosa Arc,2014,516,7.6
658,Shougeki! Omocha no Heitai no Shoutai!,Canon,Dressrosa Arc,2014,665,7.9
659,Senritsu no Kako! Dressrosa no Himitsu,Canon,Dressrosa Arc,2014,740,8.1
660,Akumu! Dressrosa Higeki no Ichiya,Canon,Dressrosa Arc,2014,746,8.2
661,Shichibukai Taiketsu Law VS Doflamingo,Canon,Dressrosa Arc,2014,"1,824",9.1
662,Ryouyuu Aimamieru! Mugiwara to Ten Yasha,Canon,Dressrosa Arc,2014,"1,817",9.1
663,Luffy Kyougaku: Ace no Ishi o Tsugu Otoko,Canon,Dressrosa Arc,2014,"2,897",9.4
664,SOP Sakusen Kaishi: Usoland Totsugeki,Canon,Dressrosa Arc,2014,537,7.6
665,Atsuki Omoi - Rebecca vs. Suleiman,Canon,Dressrosa Arc,2014,512,7.5
666,Shousha Kettei!? D Block Shougeki no Ketsumatsu,Canon,Dressrosa Arc,2014,642,7.8
667,Taishou no Ketsudan - Fujitora vs. Doflamingo,Canon,Dressrosa Arc,2014,678,7.9
668,Kesshou Kaishi: Eiyuu Diamante Toujou,Canon,Dressrosa Arc,2014,641,7.8
669,Ugoku Shiro! Saikou Kanbu Pica Shutsugen,Canon,Dressrosa Arc,2014,633,7.7
670,Ryuu no Tsume Sakuretsu! Lucy Kyoui no Ichigeki!,Canon,Dressrosa Arc,2014,717,8
671,Tatou Sugar: Kodomo no Heitai Totsugeki!,Canon,Dressrosa Arc,2014,630,7.7
672,Saigo no Hikari: Warera ga Taichou no Himitsu!,Canon,Dressrosa Arc,2014,655,7.9
673,Panku Ningen: Gladius Dai Bakuhatsu!,Canon,Dressrosa Arc,2014,630,7.7
674,Usotsuki Usoland Tousouchuu!,Canon,Dressrosa Arc,2014,717,8
675,Unmei no Deai: Kyros to Riku Ou,Canon,Dressrosa Arc,2014,980,8.4
676,Sakusen Shippai! Eiyuu Usoland Shisu!?,Canon,Dressrosa Arc,2014,"1,075",8.6
677,Densetsu Fukkatsu! Kyros Konshin no Ichigeki,Canon,Dressrosa Arc,2015,"2,240",9.3
678,Kaken Sakuretsu! Fukkatsu Meramera no Mi no Chikara,Canon,Dressrosa Arc,2015,"2,300",9.3
679,Sassou Toujou: Kakumeigun Sanbou Souchou Sabo!,Canon,Dressrosa Arc,2015,"1,067",8.5
680,Akuma no Wana: Dressrosa Senmetsu Sakusen,Canon,Dressrosa Arc,2015,"1,076",8.6
681,Go-oku no Otoko: Nerawareta Usoland!,Canon,Dressrosa Arc,2015,750,8.1
682,Tekijin Toppa: Luffy Zoro Hangeki Kaishi,Canon,Dressrosa Arc,2015,539,7.7
683,Daichi Meidou: Hakai Kami Kyoudai Pica Kourin,Canon,Dressrosa Arc,2015,732,8
684,Daishuuketsu! Luffy to Kyouaku Senshi Gundan,Canon,Dressrosa Arc,2015,659,7.8
685,Kaishingeki! Luffy Gundan vs Pica!,Canon,Dressrosa Arc,2015,721,8.1
686,Shougeki Kokuhaku! Law Atsuki Tamashii no Chikai!,Canon,Dressrosa Arc,2015,705,7.9
687,Daigekitotsu! Sanbou Souchou Sabo vs Taishou Fujitora,Canon,Dressrosa Arc,2015,"1,110",8.6
688,Zettaizetsumei: Wana ni Kakatta Luffy!,Canon,Dressrosa Arc,2015,661,7.7
689,Daidasshutsu! Luffy Kishikaisei no Elephant Gun,Canon,Dressrosa Arc,2015,704,7.9
690,Kyoudousensen: Luffy Shouri e no Toppakou,Canon,Dressrosa Arc,2015,534,7.5
691,Futarime no Samurai: Yuudachi Kanjuurou Toujou,Canon,Dressrosa Arc,2015,526,7.5
692,Funtou to no Pica: Zoro Ichi Todome no Ichigeki,Canon,Dressrosa Arc,2015,994,8.3
693,Kobito no Hime: Toraware no Mansherry,Canon,Dressrosa Arc,2015,533,7.4
694,Fujimi! Kyoufu no Atamawari Ningyou Gundan,Canon,Dressrosa Arc,2015,523,7.3
695,Inochi Kakete! Luffy wa Shouri no Kirifuda,Canon,Dressrosa Arc,2015,725,8
696,Namida no Saikai: Rebecca to Kyros,Canon,Dressrosa Arc,2015,"1,096",8.4
697,Ichigeki Hissatsu: Dressrosa o Sukuu Otoko,Canon,Dressrosa Arc,2015,"1,920",9.1
698,Ikari Bakuhatsu: Luffy Law Saikyou no Hisaku,Canon,Dressrosa Arc,2015,"2,508",9.3
699,Kedakaki Ichizoku! Doflamingo no Shoutai!,Canon,Dressrosa Arc,2015,"1,908",9.1
700,Kyuukyoku no Chikara: Op-Op no Jitsu no Himitsu!,Canon,Dressrosa Arc,2015,"1,790",8.9
701,Kanashiki Kioku: Shiroi Machi no Shounen Law!,Canon,Dressrosa Arc,2015,"1,973",9.2
702,Tenryuubito! Doffy no Souzetsu Naru Kako,Canon,Dressrosa Arc,2015,"1,932",9.1
703,Kunan no Michi: Law to Corazon Inochi no Tabi,Canon,Dressrosa Arc,2015,"2,330",9.3
704,Toki Sameru! Op-Op no Mi o Ubae!,Canon,Dressrosa Arc,2015,"1,995",9.2
705,Kakugo no Toki: Corazon Wakare no Egao!,Canon,Dressrosa Arc,2015,"2,352",9.3
706,Yuke Law: Yasashiki Otoko Saigo no Tatakai!,Canon,Dressrosa Arc,2015,"5,863",9.6
707,Jiyuu e! Law Injection Shot Sakuretsu,Canon,Dressrosa Arc,2015,"1,020",8.3
708,Atsuki Tatakai: Law vs Doflamingo,Canon,Dressrosa Arc,2015,"1,883",9.1
709,Kanbu Kessen: Hokori Takaki Hajrudin,Canon,Dressrosa Arc,2015,669,7.8
710,Ai no Kessen: Shintouryou Sai tai Baby 5,Canon,Dressrosa Arc,2015,746,8.1
711,Otoko no Iji: Bellamy Saigo no Totsugeki!,Canon,Dressrosa Arc,2015,691,7.8
712,Shippuudotou: Hakuba tai Dellinger,Canon,Dressrosa Arc,2015,960,8.3
713,Baribari: Homage Shinken Hatsudou!,Canon,Dressrosa Arc,2015,"1,230",8.7
714,Iyashi no Hime: Mansherry o Sukue!,Canon,Dressrosa Arc,2015,654,7.7
715,Otoko no Kettou: Senor Ai no Banka,Canon,Dressrosa Arc,2015,"1,875",9.1
716,Shi no Hoshikuzu: Diamante Moukou no Arashi,Canon,Dressrosa Arc,2015,"1,368",8.8
717,Trueno Bastardo: Kyros Ikari no Ichigeki,Canon,Dressrosa Arc,2015,"1,243",8.7
718,Daichi Oudan: Kyozou Pica Kishuu Sakusen!,Canon,Dressrosa Arc,2015,"1,051",8.4
719,Kuuchuu Kessen: Zoro Shin Hissastsu Ougi Sakuretsu!,Canon,Dressrosa Arc,2015,"3,116",9.4
720,Abayo! Bellamy Wakare no Ichigeki!,Canon,Dressrosa Arc,2015,"1,771",9
721,Law Shisu: Luffy Fundo no Moukougeki!,Canon,Dressrosa Arc,2015,"1,753",9
722,Shuunen no Yaiba: Gyakushuu no Gamma Knife!,Canon,Dressrosa Arc,2015,"1,889",9.2
723,Haki Gekitotsu: Luffy tai Doflamingo,Canon,Dressrosa Arc,2015,"2,925",9.4
724,Kougeki Funou: Trebol Shougeki no Himitsu,Canon,Dressrosa Arc,2015,"1,746",9
725,Ikari Bakuhatsu: Ore ga Zenbu Hikiukeru,Canon,Dressrosa Arc,2016,"3,056",9.3
726,Gear Fourth! Kyoui no Bounce Man!,Canon,Dressrosa Arc,2016,"10,555",9.7
727,Daigyakushuu! Doflamingo no Kakusei!,Canon,Dressrosa Arc,2016,"1,472",8.8
728,Luffy! Konshin no Leo Bazooka,Canon,Dressrosa Arc,2016,"2,225",9.2
729,Kaen Ryuuou: Luffy no Inochi o Mamorinuke,Canon,Dressrosa Arc,2016,"1,314",8.7
730,Kiseki no Namida: Mansherry no Tatakai!,Canon,Dressrosa Arc,2016,669,7.8
731,Inochi no Kagiri: Shi no Tori Kago o Tomero!,Canon,Dressrosa Arc,2016,552,7.6
732,Sei ka Shi ka: Unmei no Countdown,Canon,Dressrosa Arc,2016,734,8
733,Ten o Utsu: Luffy Ikari no King Kong Gun,Canon,Dressrosa Arc,2016,"2,570",9.4
734,Jiyuu e! Yorokobi no Dressrosa!,Canon,Dressrosa Arc,2016,574,7.7
735,Zendaimimon: Taishou Fujitora Shougeki no Ketsudan!,Canon,Dressrosa Arc,2016,"1,023",8.4
736,Gekishin Hashiru: Ugokidasu Saiaku no Sedai!,Canon,Dressrosa Arc,2016,"1,832",9.1
737,Densetsu Tanjou: Kakumei Senshi Sabo no Bouken!,Canon,Dressrosa Arc,2016,"1,244",8.7
738,Kyoudai no Kizuna: Luffy Sabo Saikai Hiwa,Canon,Dressrosa Arc,2016,"1,785",9
739,Saikyou no Seibutsu: Yonkou - Hyakujuu no Kaidou,Canon,Dressrosa Arc,2016,"2,052",9.2
740,Fujitora Ugoku: Mugiwara no Ichimi Kanzen Houimou,Canon,Dressrosa Arc,2016,664,7.8
741,Hijoujitai: Sarawareta Rebecca!,Canon,Dressrosa Arc,2016,648,7.7
742,Oyako no Kizuna: Kyros to Rebecca!,Canon,Dressrosa Arc,2016,546,7.7
743,Otoko no Iji: Luffy tai Fujitora Makkou Shoubu,Canon,Dressrosa Arc,2016,"1,787",9.1
744,Nigeba Nashi: Taishou Fujitora Hijou no Tsuigeki!,Canon,Dressrosa Arc,2016,"1,891",9.2
745,Kobun no Sakazuki: Kessei! Mugiwara Daisendan!,Canon,Dressrosa Arc,2016,"1,881",9.1
746,Gun'yuukakyo: Arekuruu Shinsekai no Kaibutsu-tachi,Canon,Dressrosa Arc,2016,"1,284",8.8
747,Gin no Yousai: Luffy to Barto Daibouken,Filler,Silver Mine Arc,2016,419,6.5
748,Chika Meikyuu: Luffy tai Torokko Ningen,Filler,Silver Mine Arc,2016,428,6.2
749,Kengi Hakunetsu: Law Zoro Tsui ni Kenzan!,Filler,Silver Mine Arc,2016,422,6.3
750,Zettaizetsumei: Luffy Kyokugen no Shakunetsu Kessen,Filler,Silver Mine Arc,2016,414,6.4
751,"Bouken Kaimaku: Maboroshi no Shima ""Zou"" Touchaku!",Canon,Zou Arc,2016,441,7.2
752,Shin Shichi Bukai: Densetsu Shirohige no Musuko Toujou,Canon,Zou Arc,2016,441,7.7
753,Kesshi no Tozou: Kyozou no Se no Daibouken!,Canon,Zou Arc,2016,451,7.4
754,Sentou Kaishi: Luffy vs Mink-zoku!,Canon,Zou Arc,2016,432,7.5
755,Garchuu! Mugiwara no Ichimi Saishuuketsu,Canon,Zou Arc,2016,459,7.5
756,Hangeki Kaishi: Guruwara no Ichimi Daikatsuyaku!,Canon,Zou Arc,2016,441,7.5
757,Kyoui Shuurai: Hyakujuu Kaizokudan Jack!,Canon,Zou Arc,2016,437,7.5
758,Hiru no Ou: Inuarashi Koushaku Toujou!,Canon,Zou Arc,2016,440,7.4
759,Yoru no Ou: Nekomamushi no Danna Kenzan,Canon,Zou Arc,2016,599,7.8
760,Shuto Kaimetsu: Guruware no Ichimi Jouriku!,Canon,Zou Arc,2016,599,7.8
761,Limit Semaru: Mink-zoku to Ichimi no Kizuna!,Canon,Zou Arc,2016,503,7.6
762,Akudou Kikyou: Yonkou Big Mom no Shikaku,Canon,Zou Arc,2016,659,7.9
763,Shissou no Shinjitsu: Sanji Kyougaku no Shoutaijou,Canon,Zou Arc,2016,"1,007",8.4
764,Yarou Domo e: Sanji Wakare no Okitegami,Canon,Zou Arc,2016,"1,098",8.5
765,Nekomamushi no Danna ni Ai ni Ikou,Canon,Zou Arc,2016,478,7.2
766,Luffy Ketsudan: Sanji Dattai no Kiki!,Canon,Zou Arc,2016,618,7.7
767,Isshokusokuhatsu: Inu to Neko to Samurai!,Canon,Zou Arc,2016,"1,881",9.1
768,Sanninme! Ninja Kiri no Raizou Toujou,Canon,Zou Arc,2016,661,7.8
769,"Akai Ishi! ""One Piece"" e no Michishirube",Canon,Zou Arc,2016,"1,290",8.7
770,Wano Kuni no Himitsu: Kouzuki-ke to Rekishi no Ponegliffs,Canon,Zou Arc,2016,"1,784",9.1
771,Okoto no Chikai: Luffy to Kouzuki Momonosuke,Canon,Zou Arc,2017,504,8
772,Densetsu no Koukai: Inu to Neko to Kaizokuou!,Canon,Zou Arc,2017,483,7.9
773,Akumu Futatabi: Fujimi no Jack Kyoushuu,Canon,Zou Arc,2017,472,7.9
774,Zou Boueisen: Luffy to Zunesha!,Canon,Zou Arc,2017,532,8
775,Zunesha o Sukue: Mugiwara Rescue Daisakusen!,Canon,Zou Arc,2017,430,7.2
776,Wakare no Gezou: Sanji Dakkan no Funade!,Canon,Zou Arc,2017,431,7.5
777,Reverie e: Oujo Vivi to Shirahoshi-hime,Canon,Zou Arc,2017,476,6.9
778,Reverie e: Rebecca to Sakura Oukoku,Canon,Zou Arc,2017,464,7.1
779,Kaidou Futatabi: Kyoui Semaru Saiaku no Sedai!,Canon,Zou Arc,2017,452,7.7
780,Harapeko Sensen: Luffy to Kaigun Rookie!,Filler,Marine Rookie Arc,2017,434,6.9
781,Shuunen no 3 Nin: Mugiwara Ichimi Dai Chase!,Filler,Marine Rookie Arc,2017,442,6.9
782,Akuma no Kobushi: Kessen! Luffy tai Grant,Filler,Marine Rookie Arc,2017,421,7
783,Sanji Kikyou: Big Mom no Nawabari e!,Canon,Whole Cake Island Arc,2017,671,7.7
784,Rei to Yon: Souguu! Germa Double Six,Canon,Whole Cake Island Arc,2017,674,7.7
785,Moudoku no Kiki: Luffy to Reiju!,Canon,Whole Cake Island Arc,2017,"1,221",8.5
786,Totto Land! Yonkou Big Mom Toujou,Canon,Whole Cake Island Arc,2017,722,8
787,Yonkou no Musume: Sanji no Fiancee Purin,Canon,Whole Cake Island Arc,2017,675,7.7
788,Dai Shingeki! Kui Wazurai no Mom,Canon,Whole Cake Island Arc,2017,640,7.5
789,Shuto Houkai!? Big Mom to Jinbee,Canon,Whole Cake Island Arc,2017,679,7.8
790,Yonkou No Shiro: Whole Cake Island Touchaku,Canon,Whole Cake Island Arc,2017,670,7.8
791,Okashi na Mori: Luffy tai Luffy!?,Canon,Whole Cake Island Arc,2017,524,7.3
792,Mom no Shikaku: Luffy to Yuuwaku no Mori!,Canon,Whole Cake Island Arc,2017,517,7.4
793,Kaiyuu Kokka: Germa no Ou Judge,Canon,Whole Cake Island Arc,2017,705,8.1
794,Oyako Taiketsu: Judge tai Sanji!,Canon,Whole Cake Island Arc,2017,705,7.9
795,Kyoudai na Yabou: Big Mom to Caesar,Canon,Whole Cake Island Arc,2017,643,7.6
796,Tamashii no Kuni: Mom no Osorubeki Nouryoku!,Canon,Whole Cake Island Arc,2017,634,7.6
797,Daikanbu! Sanshousei Cracker Toujou!,Canon,Whole Cake Island Arc,2017,674,7.8
798,8 Oku no Teki: Luffy tai Senshu no Cracker,Canon,Whole Cake Island Arc,2017,"1,003",8.3
799,Zenryoku Shoubu: Gear Fourth tai Bisbis no Chikara,Canon,Whole Cake Island Arc,2017,"1,216",8.6
800,Ichi to Ni: Shuuketsu! Vinsmoke-ke,Canon,Whole Cake Island Arc,2017,"1,214",8.6
801,Onjin no Inochi: Sanji to Owner Zeff,Canon,Whole Cake Island Arc,2017,"1,030",8.3
802,Ikari no Sanji: Germa Double Six no Himitsu,Canon,Whole Cake Island Arc,2017,"1,664",8.9
803,Suteta Kako: Vinsmoke Sanji,Canon,Whole Cake Island Arc,2017,"1,892",9.1
804,East Blue e: Sanji Ketsui no Funade,Canon,Whole Cake Island Arc,2017,"3,194",9.4
805,Genkai Shoubu: Luffy to Mugen Biscuit,Canon,Whole Cake Island Arc,2017,"1,791",8.9
806,Manpuku no Chikara: Shin Gear Fourth Tan Man!,Canon,Whole Cake Island Arc,2017,"2,090",9.1
807,Kanashiki Kettou: Luffy tai Sanji (Zenpen),Canon,Whole Cake Island Arc,2017,"1,485",8.4
808,Kanashiki Kettou: Luffy tai Sanji (Kouhen),Canon,Whole Cake Island Arc,2017,"11,176",9.6
809,Fukushuu no Arashi: Ikari no Gundan Shuurai!,Canon,Whole Cake Island Arc,2017,"1,933",9
810,Bouken no Owari: Sanji Ketsui no Propose,Canon,Whole Cake Island Arc,2017,"1,849",9
811,Koko de Matsu: Luffy tai Ikari no Gundan,Canon,Whole Cake Island Arc,2017,"1,805",9
812,Chateau Sennyuu: Ubae! Road Ponegliff,Canon,Whole Cake Island Arc,2017,"1,766",8.9
813,Innnen no Taimen: Luffy to Big Mom!,Canon,Whole Cake Island Arc,2017,"1,259",8.6
814,Tamashii no Sakebi: Brook & Pedro Dengeki Sakusen,Canon,Whole Cake Island Arc,2017,"1,246",8.6
815,Sayonara: Purin Namida no Ketsui,Canon,Whole Cake Island Arc,2017,"1,752",8.9
816,Hidari Me no Innen: Pedro tai Tamago-Danshaku,Canon,Whole Cake Island Arc,2017,"1,791",9
817,Shikemoku: Sanji no Kekkon Zen'ya,Canon,Whole Cake Island Arc,2017,"3,434",9.5
818,Fukutsu no Soul: Brook tai Big Mom,Canon,Whole Cake Island Arc,2017,"1,966",9.2
819,Sora no Negai: Germa no Shippaisaku Sanji,Canon,Whole Cake Island Arc,2017,"1,932",9.1
820,Sanji no Moto e: Luffy Gyakushuu no Dai Gekisou!,Canon,Whole Cake Island Arc,2018,"1,813",9
821,Chateau Douran: Luffy Yakusoku no Basho e,Canon,Whole Cake Island Arc,2018,"1,283",8.5
822,Wakare no Ketsui: Sanji to Mugiwara Bentou,Canon,Whole Cake Island Arc,2018,778,7.9
823,Yonkou no Negaeri: Brook Kyuushutsu Daisakusen!,Canon,Whole Cake Island Arc,2018,"1,090",8.4
824,"The Rendezvous! Luffy, a One-on-One at His Limit!",Canon,Whole Cake Island Arc,2018,"1,336",8.7
825,A Liar! Luffy and Sanji!!,Canon,Whole Cake Island Arc,2018,"2,686",9.4
826,Sanji Comes Back! Crash! The Tea Party from Hell!,Canon,Whole Cake Island Arc,2018,"1,738",8.9
827,A Secret Meeting! Luffy vs. the Fire Tank Pirates!,Canon,Whole Cake Island Arc,2018,792,7.8
828,The Deadly Pact! Luffy & Bege's Allied Forces!,Canon,Whole Cake Island Arc,2018,"1,184",8.5
829,Luffy Engages in a Secret Maneuver! The Wedding Full of Consp...,Canon,Whole Cake Island Arc,2018,764,7.9
830,The Family Gets Together! The Hellish Tea Party Starts!,Canon,Whole Cake Island Arc,2018,"1,396",8.7
831,The Broken Couple! Sanji and Pudding Enter!,Canon,Whole Cake Island Arc,2018,756,7.9
832,A Deadly Kiss! The Mission to Assassinate the Emperor Kicks Off!,Canon,Whole Cake Island Arc,2018,"1,891",9.2
833,Returning the Sake Cup! The Manly Jimbei Pays His Debt!,Canon,Whole Cake Island Arc,2018,"3,047",9.5
834,The Mission Failed?! The Big Mom Pirates Strike Back!,Canon,Whole Cake Island Arc,2018,"1,764",9.1
835,"Run, Sanji! SOS! Germa 66!",Canon,Whole Cake Island Arc,2018,"1,739",9.1
836,Mom's Secret! The Giant's Island Elbaph and a Little Monster!,Canon,Whole Cake Island Arc,2018,774,8
837,The Birth of Mom! The Day That Carmel Vanished!,Canon,Whole Cake Island Arc,2018,"1,664",8.9
838,The Launcher Blasts! The Moment of Big Mom's Assassination!,Canon,Whole Cake Island Arc,2018,766,8
839,The Evil Army! Transform! Germa 66!,Canon,Whole Cake Island Arc,2018,"1,141",8.4
840,Cutting the Father-Son Relationship! Sanji and Judge!,Canon,Whole Cake Island Arc,2018,732,7.8
841,Escape From the Tea Party! Luffy vs. Big Mom!,Canon,Whole Cake Island Arc,2018,"1,212",8.6
842,"The Execution Begins! Luffy's Allied Forces Are Annihilated?!""",Canon,Whole Cake Island Arc,2018,"1,217",8.6
843,The Chateau Collapses! The Straw Hat's Great Escape Begins!,Canon,Whole Cake Island Arc,2018,729,7.8
844,The Spear of Elbaph! Onslaught! The Flying Big Mom!,Canon,Whole Cake Island Arc,2018,690,7.7
845,Pudding's Determination! Ablaze! The Seducing Woods!,Canon,Whole Cake Island Arc,2018,727,7.9
846,A Lightning Counterattack! Nami and Zeus the Thundercloud!,Canon,Whole Cake Island Arc,2018,726,7.8
847,A Coincidental Reunion! Sanji and the Lovestruck Evil Pudding!,Canon,Whole Cake Island Arc,2018,729,7.8
848,Save the Sunny! Fighting Bravely! Chopper and Brook!,Canon,Whole Cake Island Arc,2018,740,7.8
849,"Before the Dawn! Pedro, the Captain of the Guardians!",Canon,Whole Cake Island Arc,2018,"2,623",9.3
850,"I'll Be Back! Luffy, Deadly Departure!",Canon,Whole Cake Island Arc,2018,"2,533",9.3
851,The Man with a Bounty of Billion! The Strongest Sweet General...,Canon,Whole Cake Island Arc,2018,"1,761",8.9
852,A Hard Battle Starts! Luffy vs. Katakuri!,Canon,Whole Cake Island Arc,2018,"1,784",9
853,"The Green Room! An Invincible Helmsman, Jimbei!",Canon,Whole Cake Island Arc,2018,"1,250",8.6
854,The Threat of the Mole! Luffy's Silent Fight!,Canon,Whole Cake Island Arc,2018,"1,723",8.9
855,The End of the Deadly Battle?! Katakuri's Awakening in Anger!,Canon,Whole Cake Island Arc,2018,"1,254",8.6
856,The Forbidden Secret! Katakuri's Merienda!,Canon,Whole Cake Island Arc,2018,"2,439",9.3
857,Luffy Fights Back! The Invincible Katakuri's Weak Point!,Canon,Whole Cake Island Arc,2018,"1,743",9
858,Another Crisis! Gear Four vs. Unstoppable Donuts!,Canon,Whole Cake Island Arc,2018,791,7.9
859,"The Rebellious Daughter, Chiffon! Sanji's Big Plan for Transp...",Canon,Whole Cake Island Arc,2018,580,7.5
860,A Man's Way of Life! Bege and Luffy's Determination as Captains,Canon,Whole Cake Island Arc,2018,691,7.9
861,The Cake Sank?! Sanji and Bege's Getaway Battle!,Canon,Whole Cake Island Arc,2018,591,7.7
862,Sulong! Carrot's Big Mystic Transformation!,Canon,Whole Cake Island Arc,2018,"1,978",9.1
863,Break Through! The Straw Hat's Mighty Sea Battle!,Canon,Whole Cake Island Arc,2018,776,8.1
864,Finally Clash - Yonko VS Straw Hat Crew,Canon,Whole Cake Island Arc,2018,"1,740",9
865,Dark King's Direct Precepts! The Battle Against Katakuri Turn...,Canon,Whole Cake Island Arc,2018,"1,238",8.6
866,"Finally He Returns! Sanji, the Man Who'll Stop the Emperor of...",Canon,Whole Cake Island Arc,2018,790,8
867,Lurking in the Darkness! An Assassin Targeting Luffy!,Canon,Whole Cake Island Arc,2019,"1,346",8.6
868,One Man's Determination! Katakuri's Deadly Big Fight!,Canon,Whole Cake Island Arc,2019,"3,382",9.4
869,Wake Up! The Color of Observation Able to Top the Strongest!,Canon,Whole Cake Island Arc,2019,"2,445",9.2
870,A Fist of Divine Speed! Another Gear Four Application Activated!,Canon,Whole Cake Island Arc,2019,"9,835",9.6
871,Finally Concluded - An Outcome of the Fierce Battle with Kata...,Canon,Whole Cake Island Arc,2019,"4,419",9.4
872,A Desperate Situation! The Iron-Tight Entrapment of Luffy!,Canon,Whole Cake Island Arc,2019,"1,840",8.9
873,Pulling Back from the Brink! The Formidable Reinforcements - ...,Canon,Whole Cake Island Arc,2019,"1,873",9
874,The Last Hope! The Sun Pirates Emerge!,Canon,Whole Cake Island Arc,2019,"1,308",8.6
875,A Fascinating Taste - Sanji's Cake of Happiness,Canon,Whole Cake Island Arc,2019,"1,324",8.6
876,"The Man of Humanity and Justice - Jinbe, a Desperate Massive ...",Canon,Whole Cake Island Arc,2019,"1,844",9
877,Time for Farewell! Pudding's One Last Request!,Canon,Whole Cake Island Arc,2019,"3,149",9.4
878,The World in Shock! The Fifth Emperor of the Sea Arrives!,Canon,Levely Arc,2019,"1,461",8.6
879,To the Levely! Gathering of the Straw Hat Allies!,Canon,Levely Arc,2019,571,7.6
880,Sabo Goes into Action! All the Captains of the Revolutionary ...,Canon,Levely Arc,2019,575,7.7
881,Going into Action! The Implacable New Admiral of the Fleet - ...,Canon,Levely Arc,2019,689,6.2
882,The Paramount War! The Inherited Will of the King of the Pira...,Canon,Levely Arc,2019,629,6.4
883,One Step Ahead of the Dream - Shirahoshi's Path to the Sun!,Canon,Levely Arc,2019,605,6.5
884,I Miss Him! Vivi and Rebecca's Sentiments!,Canon,Levely Arc,2019,608,6.5
885,In the Dark Recesses of the Holyland! A Mysterious Giant Stra...,Canon,Levely Arc,2019,669,7.3
886,The Uproarious Holy Land - Princess Shirahoshi is being targe...,Canon,Levely Arc,2019,608,7.2
887,On the Verge - The Two Yonko Targeting Luffy,Canon,Levely Arc,2019,"1,150",8.3
888,Sabo Gets Angry - Tragedy of the Revolutionary Army Officer Kuma,Canon,Levely Arc,2019,572,7.7
889,"Finally, It Starts! The Conspiracy-filled Reverie!",Canon,Levely Arc,2019,585,7.5
890,Marco! The Keeper of Whitebeard's Last Memento!,Canon,Wano Country Arc,2019,560,7.3
891,Climbing Up a Waterfall! A Great Journey Through the Land of ...,Canon,Wano Country Arc,2019,"1,583",8.7
892,Wano Country! To the Land of Dancing Sakura and Samurai,Canon,Wano Country Arc,2019,"3,454",9.4
893,Otama Appears! Luffy vs. Kaido's Army!,Canon,Wano Country Arc,2019,"2,068",9
894,He'll Come! The Legend of Ace in the Land of Wano!,Canon,Wano Country Arc,2019,"2,131",9.1
895,"Side Story! The World's Greatest Bounty Hunter, Cidre!",Filler,Cidre Guild Arc,2019,564,6
896,Side Story! Clash! Luffy vs. the King of Carbonation!,Filler,Cidre Guild Arc,2019,581,5.9
897,"Save Otama! Straw Hat, Bounding through the Wasteland!",Canon,Wano Country Arc,2019,"1,833",8.9
898,The Headliner! Hawkings the Magician Appears!,Canon,Wano Country Arc,2019,"1,422",8.7
899,Defeat is Inevitable! The Strawman's Fierce Attack!,Canon,Wano Country Arc,2019,"2,343",9.1
900,The Greatest Day of My Life! Otama and Her Sweet Red-bean Soup!,Canon,Wano Country Arc,2019,"1,385",8.6
901,Entering Enemy Territory! The Protagonists Spread into the To...,Canon,Wano Country Arc,2019,783,7.7
902,The Yokozuna Appears! The Invincible Urashima Goes After Okiku!,Canon,Wano Country Arc,2019,776,7.6
903,A Climactic Sumo Battle! Straw Hat vs. the Strongest Ever Yok...,Canon,Wano Country Arc,2019,712,7.1
904,Luffy Rages! Rescue Otama from Danger!,Canon,Wano Country Arc,2019,675,7
905,Fighting for Otama! Fight against Holdem!,Canon,Wano Country Arc,2019,"1,336",8.5
906,Duel! The Magician and the Surgeon of Death!,Canon,Wano Country Arc,2019,"1,342",8.6
907,Romance Dawn,Filler,Anime 20th Anniversary Special,2019,603,6
908,The Coming of the Treasure Ship! Luffytaro Returns the Favor!,Canon,Wano Country Arc,2019,"1,373",8.6
909,Nazo no Bohyo - Oden Joseki de no Saikai!,Canon,Wano Country Arc,2019,"1,941",9
910,A Legendary Samurai! The Man Who Roger Admired!,Canon,Wano Country Arc,2019,"1,890",9
911,Bringing Down the Emperor of the Sea! A Secret Raid Operation...,Canon,Wano Country Arc,2019,"1,131",8.2
912,"The Strongest Man in the World! Shutenmaru, the Thieves Briga...",Canon,Wano Country Arc,2019,"2,727",9.2
913,Everyone is Annihilated! Kaido's Furious Blast Breath!,Canon,Wano Country Arc,2019,"2,636",9.2
914,Finally Clashing! The Ferocious Luffy vs. Kaido!,Canon,Wano Country Arc,2019,"4,570",9.6
915,Hakai-teki! Ichigeki Hissatsu no Raimei Hakke!,Canon,Wano Country Arc,2019,"4,094",9.5
916,Iki-jigoku! Rufi Kutsujoku no Dai Tankutsu-jo,Canon,Wano Country Arc,2020,"2,020",8.9
917,The Holyland in Tumult! Emperor of the Sea Blackbeard Cackles!,Canon,Wano Country Arc,2020,"2,317",9
918,Ugokidasu - Dato Kaido Daikeikaku!,Canon,Wano Country Arc,2020,"1,179",8.1
919,Rampage! The Prisoners - Luffy and Kid!,Canon,Wano Country Arc,2020,"1,201",8.2
920,Dai Hyoban! Sanji no Ohako Soba!,Canon,Wano Country Arc,2020,898,7.5
921,Goka Kenran - Wano Kuni Ichi no Bijo: Komurasaki,Canon,Wano Country Arc,2020,859,6.9
922,A Tale of Chivalry! Zoro and Tonoyasu's Little Trip!,Canon,Wano Country Arc,2020,"1,218",8
923,A State of Emergency! Big Mom Closes in!,Canon,Wano Country Arc,2020,"1,196",8.2
924,The Capital in an Uproar! Another Assassin Targets Sanji!,Canon,Wano Country Arc,2020,"2,155",9
925,Dashing! The Righteous Soba Mask!,Canon,Wano Country Arc,2020,"2,142",9.1
926,Zettai Zetsumei - Kyoi no Orochi Oniwabanshu,Canon,Wano Country Arc,2020,878,7.7
927,Shura-jo! Osoreru Daija Shogun Orochi,Canon,Wano Country Arc,2020,728,7.5
928,The Flower Falls! The Final Moment of the Most Beautiful Woma...,Canon,Wano Country Arc,2020,725,7.5
929,The Bond Between Prisoners! Luffy and Old Man Hyo!,Canon,Wano Country Arc,2020,727,7.4
930,A Lead Performer! Queen the Plague Emerges!,Canon,Wano Country Arc,2020,797,7.6
931,Goes up. Luffy's Desperate Escape!,Canon,Wano Country Arc,2020,727,7.5
932,Dead or Alive! Queen's Sumo Inferno!,Canon,Wano Country Arc,2020,907,7.8
933,Gyukimaru! Zoro Fights a Duel on Bandit's Bridge,Canon,Wano Country Arc,2020,"2,126",8.9
934,A Big Turnover! The Three-Sword Style Overcomes Danger!,Canon,Wano Country Arc,2020,"3,211",9.3
935,"Zoro, Stunned! The Shocking Identity of the Mysterious Woman!",Canon,Wano Country Arc,2020,931,8
936,Get the Hang of It! The Land of Wano's Haki - Ryuo!,Canon,Wano Country Arc,2020,900,7.8
937,Tonoyasu! Ebisu's most beloved!,Canon,Wano Country Arc,2020,874,7.7
938,Shaking the nation. The identity of Ushimitsu Kozo,Canon,Wano Country Arc,2020,742,7.6
939,The Straw Hats are running! Save the captive Tonoyasu,Canon,Wano Country Arc,2020,"1,943",8.8
940,Zoro's Fury! The Truth About the Smile!,Canon,Wano Country Arc,2020,"3,105",9.3
941,Toko's Tears! Orochi's Pitiless Bullets!,Canon,Wano Country Arc,2020,"2,125",9.1
942,The Straw Hats Step In! An Uproarious Deadly Battle at the Ex...,Canon,Wano Country Arc,2020,"2,019",8.9
943,Luffy's Determination! Win Through the Sumo Inferno!,Canon,Wano Country Arc,2020,"1,442",8.6
944,The Coming of the Storm! Big Mom's Great Rampage!,Canon,Wano Country Arc,2020,902,7.7
945,A Grudge Over Oshiruko - Luffy Gets into a Desperate Situation,Canon,Wano Country Arc,2020,"1,503",8.6
946,Stop the Emperor of the Sea! Queen's Secret Plan!,Canon,Wano Country Arc,2020,899,7.7
947,The Ultimate Weapon! Excite Bullets Aimed at Luffy,Canon,Wano Country Arc,2020,896,7.6
948,Start Fighting Back! Luffy and the Red Scabbard Samurai!,Canon,Wano Country Arc,2020,919,7.7
949,We're Here to Win! Luffy's Desperate Scream!,Canon,Wano Country Arc,2020,"2,200",9
950,Warriors' Dream! Luffy's Conquer of Udon!,Canon,Wano Country Arc,2020,"2,148",9
951,Orochi's Pursuers! Ninja Army Corps vs. Zoro,Canon,Wano Country Arc,2020,"1,372",8.2
952,Tension Rises in Onigashima! Two Emperors of the Sea Meet?!,Canon,Wano Country Arc,2020,"1,641",8.7
953,Hiyori's Confession! Reunion on Oihagi Bridge,Canon,Wano Country Arc,2020,"1,732",8.6
954,Its Name is Enma! Oden's Meito!,Canon,Wano Country Arc,2020,"1,615",8.4
955,"""A New Alliance?! Kaido's Army Gathers""",Canon,Wano Country Arc,2020,"1,538",8.1
956,Ticking Down to the Great Battle! The Straw Hats Go into Comb...,Canon,Wano Country Arc,2020,"2,517",9
957,Big News! The Warlords Attack Incident,Canon,Wano Country Arc,2021,"9,575",9.5
958,"""The Legendary Battle! Garp and Roger""",Canon,Wano Country Arc,2021,"6,772",9.5
959,"""The Promised Port - Opening of Third Act of Wano Country!""",Canon,Wano Country Arc,2021,"3,971",8.9
960,"""The Greatest Samurai of Wano Country! Kozuki Oden Appears!""",Canon,Wano Country Arc,2021,"4,010",8.9
961,"""The Crying Apprentice! Oden and Kin'emon!""",Canon,Wano Country Arc,2021,"3,814",8.9
962,Changing Destiny - The Whitebeard Pirates Cast Ashore!,Canon,Wano Country Arc,2021,"4,252",9.2
963,Oden's Determination! Whitebeard's Trials!,Canon,Wano Country Arc,2021,"5,068",9.3
964,Whitebeard's Little Brother! Oden's Great Adventure!,Canon,Wano Country Arc,2021,"4,105",9.2
965,Blades Crossed! Roger and Whitebeard!,Canon,Wano Country Arc,2021,"8,474",9.5
966,Roger's Wish! A New Journey!,Canon,Wano Country Arc,2021,"5,567",9.4
967,Devoting His Life! Roger's Adventure,Canon,Wano Country Arc,2021,"5,350",9.4
968,The Pirate King is Born: Arriving at the Last Island!,Canon,Wano Country Arc,2021,"22,556",9.5
969,To Wano Country! The Roger Pirates Disband,Canon,Wano Country Arc,2021,"4,712",9.4
970,Sad News: The Opening of the Great Pirate Era,Canon,Wano Country Arc,2021,"3,677",9.1
971,Raid! Oden and the Nine Red Scabbards,Canon,Wano Country Arc,2021,"3,705",9.1
972,The Moment of Conclusion! Oden vs. Kaido!,Canon,Wano Country Arc,2021,"5,703",9.5
973,Sentenced to Boil! Oden's Deadly Hour!,Canon,Wano Country Arc,2021,"4,506",9.3
974,Oden Wouldn't Be Oden If It Wasn't Boiled!,Canon,Wano Country Arc,2021,"9,594",9.5
975,The Castle on Fire! The Fate of the Kozuki Clan!,Canon,Wano Country Arc,2021,"4,371",9.3
976,Back to the Present Day! 20 Years Later!,Canon,Wano Country Arc,2021,"3,753",9.2
977,The Sea Is For Pirates! Raid! To Onigashima,Canon,Wano Country Arc,2021,"5,134",9.4
978,The Worst Generation Charges in! The Battle of the Stormy Sea,Canon,Wano Country Arc,2021,"5,205",9.4
979,Good Luck!? Leader Kin'emon's Plot,Canon,Wano Country Arc,2021,"3,410",8.9
980,A Tearful Promise! The Kidnapped Momonosuke!,Canon,Wano Country Arc,2021,"3,246",9.1
981,A New Member! Knight of the Sea Jinbe!,Canon,Wano Country Arc,2021,"3,495",9.1
982,Kaido's Trump Card - Introducing the Tobi Roppo,Canon,Wano Country Arc,2021,"13,149",9.5
983,The Samurai Warriors' Earnestness! The Straw Hats Land at Oni...,Canon,Wano Country Arc,2021,"2,440",8.4
984,Luffy Goes Out of Control?! Sneaking into Kaido's Banquet,Canon,Wano Country Arc,2021,"1,916",7.4
985,Thinking of O-Tama - Luffy's Furious Strike,Canon,Wano Country Arc,2021,"1,725",7.7
986,Fighting Music! The Ability to Attack Luffy!,Canon,Wano Country Arc,2021,"1,597",7.6
987,The Failing Dream? The Plot to Lure Sanji!,Canon,Wano Country Arc,2021,"1,838",8.1
988,Arrival of Reinforcements! Captain of the Whitebeard Pirates!,Canon,Wano Country Arc,2021,"2,693",8.9
989,Oath of Man! Fierce Battle of the Brachiotank,Canon,Wano Country Arc,2021,"1,876",8.2
990,Thunder Bagua! The Appearance of Kaido's Son,Canon,Wano Country Arc,2021,"2,700",8.9
991,Enemy or Ally? Luffy and Yamato!,Canon,Wano Country Arc,2021,"1,757",7.9
992,Desire to be Oden! Yamato's Dream!,Canon,Wano Country Arc,2021,"2,764",8.9
993,Explosive?! The Handcuffs that Shackle Yamato's Freedom!,Canon,Wano Country Arc,2021,"1,670",7.7
994,The Scabbards Face-off - Kikunojo vs. Kanjuro,Canon,Wano Country Arc,2021,"3,148",9
995,Raid! Inheriting Oden's Will,Canon,Wano Country Arc,2021,"5,653",9.5
996,Onigashima in Tumult! Luffy's All-Out War Begins!,Canon,Wano Country Arc,2021,"3,172",9.2
997,"The Battle Under the Moon! The Berserker, Sulong the Moon Lion!",Canon,Wano Country Arc,2021,"2,898",8.9
998,Zeus' Treason?! The Cornered Nami!,Canon,Wano Country Arc,2021,"2,892",9
999,I'll Protect You! Yamato Meets Momonosuke!,Canon,Wano Country Arc,2021,"2,023",8.2
1000,Overwhelming Strength! The Straw Hats Come Together!,Canon,Wano Country Arc,2021,"5,865",9.3
1001,A Risky Invitation! A Plot to Eliminate Queen!,Canon,Wano Country Arc,2021,"3,310",8.9
1002,A New Rivalry! Nami and Ulti!,Canon,Wano Country Arc,2021,"2,041",7.7
1003,"A Heroic Blade! Akazaya vs. Kaido, Again Once More!",Canon,Wano Country Arc,2021,"2,769",8.2
1004,An Inherited Technique! Unleashing Oden's Secret Swordplay!,Canon,Wano Country Arc,2021,"4,040",8.6
1005,The Power of Ice Oni! A New Version of the Plague Rounds!,Canon,Wano Country Arc,2022,"5,566",6.4
1006,I Won't Forgive Him! Chopper's Determination!,Canon,Wano Country Arc,2022,"4,516",6.5
1007,Zoro's Pursuit! Ice Oni Tag!,Canon,Wano Country Arc,2022,"3,308",6.4
1008,Nami Surrenders?! Ulti's Fierce Headbutt!,Canon,Wano Country Arc,2022,"2,715",7.1
1009,Sasaki's Onslaught! Armored Division vs. Yamato!,Canon,Wano Country Arc,2022,"2,421",6.9
1010,Eliminate the Ice Oni! Chopper's Fire Trick!,Canon,Wano Country Arc,2022,"2,133",7.9
1011,It's Not Okay! The Spider Lures Sanji!,Canon,Wano Country Arc,2022,"1,739",7.7
1012,A Turnaround Move! The Flames of Marco the Phoenix!,Canon,Wano Country Arc,2022,"1,747",7.6
1013,Yamato's Past! The Man Who Came for an Emperor of the Sea!,Canon,Wano Country Arc,2022,"2,933",8.8
1014,Marco's Tears! The Bond of the Whitebeard Pirates!,Canon,Wano Country Arc,2022,"2,475",8.3
1015,Straw Hat Luffy! The Man Who Will Become the King of the Pira...,Canon,Wano Country Arc,2022,"42,304",9.6
1016,The Battle of the Monsters! The Three Stubborn Captains!,Canon,Wano Country Arc,2022,"4,720",9.2
1017,Barrage of Powerful Techniques! The Fierce Attacks of the Wor...,Canon,Wano Country Arc,2022,"16,404",9.5
1018,Kaido Laughs! The Emperors of the Sea vs. the New Generation!,Canon,Wano Country Arc,2022,"3,285",9
1019,Otama's Secret Plan! Operation Kibi Dango!,Canon,Wano Country Arc,2022,"1,384",7.7
1020,Sanji's Scream! An SOS Echoes Over the Island!,Canon,Wano Country Arc,2022,"1,368",7.6
1021,Spank Strikes! Sanji's Woman-trouble!,Canon,Wano Country Arc,2022,"1,311",7.7
1022,"No Regrets! Luffy and Boss, a Master-Disciple Bond!",Canon,Wano Country Arc,2022,"1,150",7.7
1023,All Set! Chopperphage Nebulizer!,Canon,Wano Country Arc,2022,"1,085",7.5
1024,Oden Appears! The Confused Hearts of the Akazaya Members,Canon,Wano Country Arc,2022,"1,181",7.7
1025,The Worst Generation Gets Wiped Out?! The Emperors' Deadly At...,Canon,Wano Country Arc,2022,"2,769",9
1026,The Supernovas Strike Back! The Mission to Tear Apart the Emp...,Canon,Wano Country Arc,2022,"3,928",9.4
1027,Defend Luffy! Zoro and Law's Sword Technique!,Canon,Wano Country Arc,2022,"4,324",9.4
1028,Surpass the Emperor of the Sea! Luffy Strikes Back with an Ir...,Canon,Wano Country Arc,2022,"5,480",9.5
1029,A Faint Memory! Luffy and Red-Haired's Daughter Uta!,Filler,Uta's Past Arc,2022,"1,068",7
1030,The Oath of the New Era! Luffy and Uta!,Filler,Uta's Past Arc,2022,985,7.5
1031,Nami's Scream - The Desperate Death Race!,Canon,Wano Country Arc,2022,"1,086",7.7
1032,The Dawn of the Land of Wano - The All-Out Battle Heats Up!,Canon,Wano Country Arc,2022,"1,035",7.5
1033,The Conclusion! Luffy's Accelerating Fist of the Supreme King,Canon,Wano Country Arc,2022,"4,615",9.5
1034,Luffy Defeated! The Straw Hats in Jeopardy?!,Canon,Wano Country Arc,2022,993,7.7
1035,The Animal Kingdom Pirates Trample Down! The End of the Kozuk...,Canon,Wano Country Arc,2022,994,7.6
1036,Fight Against the Dark Night - The Commander-in-Chief of Wano...,Canon,Wano Country Arc,2022,"2,488",8.9
1037,Believe in Luffy! The Alliance's Counterattack Begins!,Canon,Wano Country Arc,2022,928,7.1
1038,Nami's Lethal Attack! O-Tama's Desperate Challenge!,Canon,Wano Country Arc,2022,"1,281",8.3
1039,A Dramatic Increase of Allies! Straw Hats Fight Back!,Canon,Wano Country Arc,2022,"1,042",7.6
1040,A Helmsman's Pride - An Angry Jinbe!,Canon,Wano Country Arc,2022,"1,212",8.3
1041,Showdown Battles of the Monsters! Yamato and Franky,Canon,Wano Country Arc,2022,940,7.2
1042,The Predator's Trap - Black Maria's Temptation,Canon,Wano Country Arc,2022,"1,032",7
1043,Slash the Nightmare - Brook Draws His Freezing Sword!,Canon,Wano Country Arc,2022,"1,186",8.1
1044,"Clutch! A Demon Incarnate, Robin!",Canon,Wano Country Arc,2022,"3,247",9.3
1045,A Spell! Kid and Zoro Facing Threats!,Canon,Wano Country Arc,2022,"2,519",9.1
1046,Taking a Chance! The Two Arms Go into Battle!,Canon,Wano Country Arc,2023,"6,683",9.2
1047,Rise to Dawn! The Peach Colored Dragon Rages!,Canon,Wano Country Arc,2023,"2,993",7.8
1048,For the Future! Yamato and the Great Swordsmen's Pledge!,Canon,Wano Country Arc,2023,"4,729",9
1049,Luffy Soars! Revenge Against the King of the Beasts!,Canon,Wano Country Arc,2023,"6,295",9.3
1050,Two Dragons Face Off! Momonosuke's Determination!,Canon,Wano Country Arc,2023,"2,719",8.1
1051,A Legend All Over Again! Luffy's Fist Roars in the Sky,Canon,Wano Country Arc,2023,"4,884",9.1
1052,The Situation Has Grown Tense! The End of Onigashima!,Canon,Wano Country Arc,2023,"2,466",8
1053,Sanji's Mutation - The Two Arms in Crisis!,Canon,Wano Country Arc,2023,"2,921",7.9
1054,Death to Your Partner! Killer's Deadly Gamble!,Canon,Wano Country Arc,2023,"2,666",8.7
1055,A Shadowy Figure Pulls the Strings! Onigashima in Flames,Canon,Wano Country Arc,2023,"2,257",7.4
1056,A Countercharge! Law and Kid's Return-Attack Combination,Canon,Wano Country Arc,2023,"2,681",8.7
1057,For Luffy - Sanji and Zoro's Oath,Canon,Wano Country Arc,2023,"2,704",8.4
1058,The Onslaught of Kazenbo: Orochi's Evil Clutches Close in,Canon,Wano Country Arc,2023,"2,268",7.6
1059,Zoro's Hardship - A Monster! King the Wildfire,Canon,Wano Country Arc,2023,"2,919",8.2
1060,Secrets of Enma! The Cursed Sword Entrusted to Zoro,Canon,Wano Country Arc,2023,"5,453",8.9
1061,The Strike of an Ifrit! Sanji vs. Queen,Canon,Wano Country Arc,2023,"19,321",9.4
1062,The Three-Sword Style of the Supreme King! Zoro vs. King,Canon,Wano Country Arc,2023,"57,968",9.6
1063,Luffy on the Move! The Turning Point of a New Era!,Canon,Wano Country Arc,2023,"4,027",8.1
1064,Shuron Hakke! A Lawless Dragon Closing in on Luffy,Canon,Wano Country Arc,2023,"4,137",8.7
1065,"The Destruction of the Alliance?! Fire up, the Will of the Ne...",Canon,Wano Country Arc,2023,"3,767",8.2
1066,The Top Billing is Coming! Deadly Attack of Shockwave and Mag...,Canon,Wano Country Arc,2023,"9,963",9.4
1067,Towards A New Era! Conclusion! The Brats' Resolution,Canon,Wano Country Arc,2023,"7,047",9
1068,Moon Princess Echoes! The Final Phase of the Land of Wano,Canon,Wano Country Arc,2023,"6,075",8.7
1069,There is Only One Winner - Luffy vs. Kaido,Canon,Wano Country Arc,2023,"9,445",9.1
1070,Luffy is Defeated?! The Determination of Those Left Behind,Canon,Wano Country Arc,2023,"19,532",9.2
1071,Luffy's Peak: Attained! Gear Fifth,Canon,Wano Country Arc,2023,"66,412",9
1072,The Ridiculous Power! GEAR 5 in Full Play,Canon,Wano Country Arc,2023,"27,055",9.3
1073,No Way Out! A Hellish Scene on Onigasima,Canon,Wano Country Arc,2023,"10,221",7.6
1074,Believe in Momo - Luffy's Final Powerful Technique!,Canon,Wano Country Arc,2023,"47,765",9.4
1075,20 Years Worth of Prayers! Take Back Wano Country,Canon,Wano Country Arc,2023,"12,545",8.9
1076,The World That Luffy Wants,Canon,Wano Country Arc,2023,"15,945",9.4
1077,Closing the Curtain! Winner - Straw Hat Luffy!,Canon,Wano Country Arc,2023,"4,496",8.5
1078,"The Shogun of the Land of Wano, Kozuki Momonosuke",Canon,Wano Country Arc,2023,"3,134",8.6
1079,The Morning Arrives! Luffy and Everyone's Relaxation!,Canon,Wano Country Arc,2023,"2,685",8.3
1080,The Festival Banquet! New Emperors of the Sea,Canon,Wano Country Arc,2023,"3,444",8.8
1081,The World Will Burn! The Onslaught of a Navy Admiral,Canon,Wano Country Arc,2023,"4,345",8.7
1082,The Coming of the New Era! The Red-Haired's Imperial Rage,Canon,Wano Country Arc,2023,"4,554",8.1
1083,"The World That Moves On! A New Organization, Cross Guild",Canon,Wano Country Arc,2023,"2,110",7.7
1084,Time to Depart - The Land of Wano and the Straw Hats,Canon,Wano Country Arc,2023,"1,993",7.8
1085,The Last Curtain! Luffy and Momonosuke's Vow,Canon,Wano Country Arc,2023,"2,014",8.5
